--
-- PostgreSQL database dump
--

-- Dumped from database version 17.2
-- Dumped by pg_dump version 17.2

SET statement_timeout = 0;
SET lock_timeout = 0;
SET idle_in_transaction_session_timeout = 0;
SET transaction_timeout = 0;
SET client_encoding = 'UTF8';
SET standard_conforming_strings = on;
SELECT pg_catalog.set_config('search_path', '', false);
SET check_function_bodies = false;
SET xmloption = content;
SET client_min_messages = warning;
SET row_security = off;

SET default_tablespace = '';

SET default_table_access_method = heap;

--
-- Name: auth_group; Type: TABLE; Schema: public; Owner: postgres
--

CREATE TABLE public.auth_group (
    id integer NOT NULL,
    name character varying(150) NOT NULL
);


ALTER TABLE public.auth_group OWNER TO postgres;

--
-- Name: auth_group_id_seq; Type: SEQUENCE; Schema: public; Owner: postgres
--

ALTER TABLE public.auth_group ALTER COLUMN id ADD GENERATED BY DEFAULT AS IDENTITY (
    SEQUENCE NAME public.auth_group_id_seq
    START WITH 1
    INCREMENT BY 1
    NO MINVALUE
    NO MAXVALUE
    CACHE 1
);


--
-- Name: auth_group_permissions; Type: TABLE; Schema: public; Owner: postgres
--

CREATE TABLE public.auth_group_permissions (
    id bigint NOT NULL,
    group_id integer NOT NULL,
    permission_id integer NOT NULL
);


ALTER TABLE public.auth_group_permissions OWNER TO postgres;

--
-- Name: auth_group_permissions_id_seq; Type: SEQUENCE; Schema: public; Owner: postgres
--

ALTER TABLE public.auth_group_permissions ALTER COLUMN id ADD GENERATED BY DEFAULT AS IDENTITY (
    SEQUENCE NAME public.auth_group_permissions_id_seq
    START WITH 1
    INCREMENT BY 1
    NO MINVALUE
    NO MAXVALUE
    CACHE 1
);


--
-- Name: auth_permission; Type: TABLE; Schema: public; Owner: postgres
--

CREATE TABLE public.auth_permission (
    id integer NOT NULL,
    name character varying(255) NOT NULL,
    content_type_id integer NOT NULL,
    codename character varying(100) NOT NULL
);


ALTER TABLE public.auth_permission OWNER TO postgres;

--
-- Name: auth_permission_id_seq; Type: SEQUENCE; Schema: public; Owner: postgres
--

ALTER TABLE public.auth_permission ALTER COLUMN id ADD GENERATED BY DEFAULT AS IDENTITY (
    SEQUENCE NAME public.auth_permission_id_seq
    START WITH 1
    INCREMENT BY 1
    NO MINVALUE
    NO MAXVALUE
    CACHE 1
);


--
-- Name: django_admin_log; Type: TABLE; Schema: public; Owner: postgres
--

CREATE TABLE public.django_admin_log (
    id integer NOT NULL,
    action_time timestamp with time zone NOT NULL,
    object_id text,
    object_repr character varying(200) NOT NULL,
    action_flag smallint NOT NULL,
    change_message text NOT NULL,
    content_type_id integer,
    user_id bigint NOT NULL,
    CONSTRAINT django_admin_log_action_flag_check CHECK ((action_flag >= 0))
);


ALTER TABLE public.django_admin_log OWNER TO postgres;

--
-- Name: django_admin_log_id_seq; Type: SEQUENCE; Schema: public; Owner: postgres
--

ALTER TABLE public.django_admin_log ALTER COLUMN id ADD GENERATED BY DEFAULT AS IDENTITY (
    SEQUENCE NAME public.django_admin_log_id_seq
    START WITH 1
    INCREMENT BY 1
    NO MINVALUE
    NO MAXVALUE
    CACHE 1
);


--
-- Name: django_content_type; Type: TABLE; Schema: public; Owner: postgres
--

CREATE TABLE public.django_content_type (
    id integer NOT NULL,
    app_label character varying(100) NOT NULL,
    model character varying(100) NOT NULL
);


ALTER TABLE public.django_content_type OWNER TO postgres;

--
-- Name: django_content_type_id_seq; Type: SEQUENCE; Schema: public; Owner: postgres
--

ALTER TABLE public.django_content_type ALTER COLUMN id ADD GENERATED BY DEFAULT AS IDENTITY (
    SEQUENCE NAME public.django_content_type_id_seq
    START WITH 1
    INCREMENT BY 1
    NO MINVALUE
    NO MAXVALUE
    CACHE 1
);


--
-- Name: django_migrations; Type: TABLE; Schema: public; Owner: postgres
--

CREATE TABLE public.django_migrations (
    id bigint NOT NULL,
    app character varying(255) NOT NULL,
    name character varying(255) NOT NULL,
    applied timestamp with time zone NOT NULL
);


ALTER TABLE public.django_migrations OWNER TO postgres;

--
-- Name: django_migrations_id_seq; Type: SEQUENCE; Schema: public; Owner: postgres
--

ALTER TABLE public.django_migrations ALTER COLUMN id ADD GENERATED BY DEFAULT AS IDENTITY (
    SEQUENCE NAME public.django_migrations_id_seq
    START WITH 1
    INCREMENT BY 1
    NO MINVALUE
    NO MAXVALUE
    CACHE 1
);


--
-- Name: django_session; Type: TABLE; Schema: public; Owner: postgres
--

CREATE TABLE public.django_session (
    session_key character varying(40) NOT NULL,
    session_data text NOT NULL,
    expire_date timestamp with time zone NOT NULL
);


ALTER TABLE public.django_session OWNER TO postgres;

--
-- Name: house_contactmessage; Type: TABLE; Schema: public; Owner: postgres
--

CREATE TABLE public.house_contactmessage (
    id bigint NOT NULL,
    name character varying(255) NOT NULL,
    email character varying(254) NOT NULL,
    subject character varying(255) NOT NULL,
    message text NOT NULL,
    created_at timestamp with time zone NOT NULL
);


ALTER TABLE public.house_contactmessage OWNER TO postgres;

--
-- Name: house_contactmessage_id_seq; Type: SEQUENCE; Schema: public; Owner: postgres
--

ALTER TABLE public.house_contactmessage ALTER COLUMN id ADD GENERATED BY DEFAULT AS IDENTITY (
    SEQUENCE NAME public.house_contactmessage_id_seq
    START WITH 1
    INCREMENT BY 1
    NO MINVALUE
    NO MAXVALUE
    CACHE 1
);


--
-- Name: house_message; Type: TABLE; Schema: public; Owner: postgres
--

CREATE TABLE public.house_message (
    id bigint NOT NULL,
    sender_name character varying(255) NOT NULL,
    sender_email character varying(254) NOT NULL,
    content text NOT NULL,
    sent_at timestamp with time zone NOT NULL,
    property_id bigint
);


ALTER TABLE public.house_message OWNER TO postgres;

--
-- Name: house_message_id_seq; Type: SEQUENCE; Schema: public; Owner: postgres
--

ALTER TABLE public.house_message ALTER COLUMN id ADD GENERATED BY DEFAULT AS IDENTITY (
    SEQUENCE NAME public.house_message_id_seq
    START WITH 1
    INCREMENT BY 1
    NO MINVALUE
    NO MAXVALUE
    CACHE 1
);


--
-- Name: house_property; Type: TABLE; Schema: public; Owner: postgres
--

CREATE TABLE public.house_property (
    id bigint NOT NULL,
    title character varying(200) NOT NULL,
    city character varying(100) NOT NULL,
    area numeric(10,2) NOT NULL,
    bedrooms integer NOT NULL,
    bathrooms integer NOT NULL,
    stories integer NOT NULL,
    airconditioning boolean NOT NULL,
    price numeric(20,2) NOT NULL,
    property_image character varying(100) NOT NULL,
    created_at timestamp with time zone NOT NULL,
    seller_id bigint NOT NULL,
    basement boolean NOT NULL,
    furnishingstatus character varying(20) NOT NULL,
    guestroom boolean NOT NULL,
    hotwaterheating boolean NOT NULL,
    mainroad boolean NOT NULL,
    prefarea boolean NOT NULL,
    parking integer NOT NULL,
    is_approved boolean NOT NULL
);


ALTER TABLE public.house_property OWNER TO postgres;

--
-- Name: house_property_id_seq; Type: SEQUENCE; Schema: public; Owner: postgres
--

ALTER TABLE public.house_property ALTER COLUMN id ADD GENERATED BY DEFAULT AS IDENTITY (
    SEQUENCE NAME public.house_property_id_seq
    START WITH 1
    INCREMENT BY 1
    NO MINVALUE
    NO MAXVALUE
    CACHE 1
);


--
-- Name: house_propertyimage; Type: TABLE; Schema: public; Owner: postgres
--

CREATE TABLE public.house_propertyimage (
    id bigint NOT NULL,
    image character varying(100) NOT NULL,
    property_id bigint NOT NULL
);


ALTER TABLE public.house_propertyimage OWNER TO postgres;

--
-- Name: house_propertyimage_id_seq; Type: SEQUENCE; Schema: public; Owner: postgres
--

ALTER TABLE public.house_propertyimage ALTER COLUMN id ADD GENERATED BY DEFAULT AS IDENTITY (
    SEQUENCE NAME public.house_propertyimage_id_seq
    START WITH 1
    INCREMENT BY 1
    NO MINVALUE
    NO MAXVALUE
    CACHE 1
);


--
-- Name: house_user; Type: TABLE; Schema: public; Owner: postgres
--

CREATE TABLE public.house_user (
    id bigint NOT NULL,
    password character varying(128) NOT NULL,
    last_login timestamp with time zone,
    is_superuser boolean NOT NULL,
    username character varying(150),
    first_name character varying(150) NOT NULL,
    last_name character varying(150) NOT NULL,
    email character varying(254) NOT NULL,
    is_staff boolean NOT NULL,
    is_active boolean NOT NULL,
    date_joined timestamp with time zone NOT NULL,
    phone character varying(15),
    location character varying(255)
);


ALTER TABLE public.house_user OWNER TO postgres;

--
-- Name: house_user_groups; Type: TABLE; Schema: public; Owner: postgres
--

CREATE TABLE public.house_user_groups (
    id bigint NOT NULL,
    user_id bigint NOT NULL,
    group_id integer NOT NULL
);


ALTER TABLE public.house_user_groups OWNER TO postgres;

--
-- Name: house_user_groups_id_seq; Type: SEQUENCE; Schema: public; Owner: postgres
--

ALTER TABLE public.house_user_groups ALTER COLUMN id ADD GENERATED BY DEFAULT AS IDENTITY (
    SEQUENCE NAME public.house_user_groups_id_seq
    START WITH 1
    INCREMENT BY 1
    NO MINVALUE
    NO MAXVALUE
    CACHE 1
);


--
-- Name: house_user_id_seq; Type: SEQUENCE; Schema: public; Owner: postgres
--

ALTER TABLE public.house_user ALTER COLUMN id ADD GENERATED BY DEFAULT AS IDENTITY (
    SEQUENCE NAME public.house_user_id_seq
    START WITH 1
    INCREMENT BY 1
    NO MINVALUE
    NO MAXVALUE
    CACHE 1
);


--
-- Name: house_user_user_permissions; Type: TABLE; Schema: public; Owner: postgres
--

CREATE TABLE public.house_user_user_permissions (
    id bigint NOT NULL,
    user_id bigint NOT NULL,
    permission_id integer NOT NULL
);


ALTER TABLE public.house_user_user_permissions OWNER TO postgres;

--
-- Name: house_user_user_permissions_id_seq; Type: SEQUENCE; Schema: public; Owner: postgres
--

ALTER TABLE public.house_user_user_permissions ALTER COLUMN id ADD GENERATED BY DEFAULT AS IDENTITY (
    SEQUENCE NAME public.house_user_user_permissions_id_seq
    START WITH 1
    INCREMENT BY 1
    NO MINVALUE
    NO MAXVALUE
    CACHE 1
);


--
-- Data for Name: auth_group; Type: TABLE DATA; Schema: public; Owner: postgres
--

COPY public.auth_group (id, name) FROM stdin;
\.


--
-- Data for Name: auth_group_permissions; Type: TABLE DATA; Schema: public; Owner: postgres
--

COPY public.auth_group_permissions (id, group_id, permission_id) FROM stdin;
\.


--
-- Data for Name: auth_permission; Type: TABLE DATA; Schema: public; Owner: postgres
--

COPY public.auth_permission (id, name, content_type_id, codename) FROM stdin;
1	Can add log entry	1	add_logentry
2	Can change log entry	1	change_logentry
3	Can delete log entry	1	delete_logentry
4	Can view log entry	1	view_logentry
5	Can add permission	2	add_permission
6	Can change permission	2	change_permission
7	Can delete permission	2	delete_permission
8	Can view permission	2	view_permission
9	Can add group	3	add_group
10	Can change group	3	change_group
11	Can delete group	3	delete_group
12	Can view group	3	view_group
13	Can add content type	4	add_contenttype
14	Can change content type	4	change_contenttype
15	Can delete content type	4	delete_contenttype
16	Can view content type	4	view_contenttype
17	Can add session	5	add_session
18	Can change session	5	change_session
19	Can delete session	5	delete_session
20	Can view session	5	view_session
21	Can add contact message	6	add_contactmessage
22	Can change contact message	6	change_contactmessage
23	Can delete contact message	6	delete_contactmessage
24	Can view contact message	6	view_contactmessage
25	Can add property	7	add_property
26	Can change property	7	change_property
27	Can delete property	7	delete_property
28	Can view property	7	view_property
29	Can add User	8	add_user
30	Can change User	8	change_user
31	Can delete User	8	delete_user
32	Can view User	8	view_user
33	Can add property image	9	add_propertyimage
34	Can change property image	9	change_propertyimage
35	Can delete property image	9	delete_propertyimage
36	Can view property image	9	view_propertyimage
37	Can add message	10	add_message
38	Can change message	10	change_message
39	Can delete message	10	delete_message
40	Can view message	10	view_message
\.


--
-- Data for Name: django_admin_log; Type: TABLE DATA; Schema: public; Owner: postgres
--

COPY public.django_admin_log (id, action_time, object_id, object_repr, action_flag, change_message, content_type_id, user_id) FROM stdin;
1	2025-02-03 16:21:05.866448+05:45	1	Property in Kathmandu - 5.00	3		7	2
2	2025-02-03 16:26:52.265617+05:45	3	krishnabhandari207511@gmail.com	3		8	2
3	2025-02-03 16:32:22.769354+05:45	4	krishnabhandari207511@gmail.com	3		8	2
4	2025-02-08 15:21:21.052485+05:45	8	Property in Bhaktapur - 9999999.00	3		7	2
5	2025-02-08 15:21:21.053944+05:45	7	Property in Lalitpur - 2.00	3		7	2
6	2025-02-08 15:22:39.811052+05:45	6	du00bin@gmail.com	3		8	2
\.


--
-- Data for Name: django_content_type; Type: TABLE DATA; Schema: public; Owner: postgres
--

COPY public.django_content_type (id, app_label, model) FROM stdin;
1	admin	logentry
2	auth	permission
3	auth	group
4	contenttypes	contenttype
5	sessions	session
6	house	contactmessage
7	house	property
8	house	user
9	house	propertyimage
10	house	message
\.


--
-- Data for Name: django_migrations; Type: TABLE DATA; Schema: public; Owner: postgres
--

COPY public.django_migrations (id, app, name, applied) FROM stdin;
1	contenttypes	0001_initial	2025-02-03 14:32:15.518786+05:45
2	contenttypes	0002_remove_content_type_name	2025-02-03 14:32:15.533152+05:45
3	auth	0001_initial	2025-02-03 14:32:15.576952+05:45
4	auth	0002_alter_permission_name_max_length	2025-02-03 14:32:15.585649+05:45
5	auth	0003_alter_user_email_max_length	2025-02-03 14:32:15.591901+05:45
6	auth	0004_alter_user_username_opts	2025-02-03 14:32:15.597212+05:45
7	auth	0005_alter_user_last_login_null	2025-02-03 14:32:15.60337+05:45
8	auth	0006_require_contenttypes_0002	2025-02-03 14:32:15.606935+05:45
9	auth	0007_alter_validators_add_error_messages	2025-02-03 14:32:15.612941+05:45
10	auth	0008_alter_user_username_max_length	2025-02-03 14:32:15.61835+05:45
11	auth	0009_alter_user_last_name_max_length	2025-02-03 14:32:15.622984+05:45
12	auth	0010_alter_group_name_max_length	2025-02-03 14:32:15.636506+05:45
13	auth	0011_update_proxy_permissions	2025-02-03 14:32:15.643379+05:45
14	auth	0012_alter_user_first_name_max_length	2025-02-03 14:32:15.649258+05:45
15	house	0001_initial	2025-02-03 14:32:15.763372+05:45
16	admin	0001_initial	2025-02-03 14:32:15.790759+05:45
17	admin	0002_logentry_remove_auto_add	2025-02-03 14:32:15.797975+05:45
18	admin	0003_logentry_add_action_flag_choices	2025-02-03 14:32:15.805335+05:45
19	house	0002_alter_user_options_alter_user_managers_and_more	2025-02-03 14:32:15.833307+05:45
20	house	0003_rename_parking_space_property_airconditioning_and_more	2025-02-03 14:32:15.913137+05:45
21	house	0004_property_parking	2025-02-03 14:32:15.920921+05:45
22	house	0005_alter_property_price	2025-02-03 14:32:15.92984+05:45
23	sessions	0001_initial	2025-02-03 14:32:15.943194+05:45
24	house	0006_property_is_approved	2025-02-08 14:37:18.983876+05:45
\.


--
-- Data for Name: django_session; Type: TABLE DATA; Schema: public; Owner: postgres
--

COPY public.django_session (session_key, session_data, expire_date) FROM stdin;
m0mkcnijnrz3u464qqhzdo3nzkiqpdlk	.eJxVjEEOwiAQRe_C2hCmFpi6dO8ZCDNDpWogKe3KeHfbpAvd_vfef6sQ1yWHtaU5TKIuqlOn340iP1PZgTxiuVfNtSzzRHpX9EGbvlVJr-vh_h3k2PJWD8JC4IcejAW0iQyP_uw6QPQkxmF0YCUmRhBPZkNgE4pjxp4djOrzBdbyN6o:1tghFZ:KcN9CT9jYD5BQ4II199x9kZPsH_pF8BZw9Zuhl2qX8I	2025-02-22 15:20:45.929838+05:45
\.


--
-- Data for Name: house_contactmessage; Type: TABLE DATA; Schema: public; Owner: postgres
--

COPY public.house_contactmessage (id, name, email, subject, message, created_at) FROM stdin;
1	phanindra sapkota	du00bin@gmail.com	23456	234567890	2025-02-08 15:22:12.831059+05:45
\.


--
-- Data for Name: house_message; Type: TABLE DATA; Schema: public; Owner: postgres
--

COPY public.house_message (id, sender_name, sender_email, content, sent_at, property_id) FROM stdin;
\.


--
-- Data for Name: house_property; Type: TABLE DATA; Schema: public; Owner: postgres
--

COPY public.house_property (id, title, city, area, bedrooms, bathrooms, stories, airconditioning, price, property_image, created_at, seller_id, basement, furnishingstatus, guestroom, hotwaterheating, mainroad, prefarea, parking, is_approved) FROM stdin;
4	Bhandari Niwas	Kathmandu	6.00	5	2	2	t	7000000.00		2025-02-04 14:01:05.287084+05:45	5	t	semi-furnished	t	t	t	f	0	f
5	Jaisi niwas	Lalitpur	8.00	7	4	3	t	10000000.00		2025-02-04 14:05:22.212525+05:45	5	t	semi-furnished	t	t	f	f	0	f
6	Adhikari' Heaven	Bhaktapur	7.00	5	3	3	t	14000000.00		2025-02-04 14:08:06.961785+05:45	5	t	semi-furnished	t	t	t	f	0	f
2	godsgift	Kathmandu	6.00	4	2	2	t	6000000.00		2025-02-03 16:08:11.525223+05:45	1	f	furnished	t	t	t	f	0	t
3	livercity-house	Pokhara	5.00	5	2	2	t	6500000.00		2025-02-04 13:59:38.731019+05:45	5	f	furnished	f	t	f	f	0	t
\.


--
-- Data for Name: house_propertyimage; Type: TABLE DATA; Schema: public; Owner: postgres
--

COPY public.house_propertyimage (id, image, property_id) FROM stdin;
2	property_images/licensed-image_1.jpeg	2
3	property_images/download.jpg	3
4	property_images/licensed-image.jpeg	4
5	property_images/24426743394_beaf8bfb7e_b.jpg	5
6	property_images/download_1.jpg	6
\.


--
-- Data for Name: house_user; Type: TABLE DATA; Schema: public; Owner: postgres
--

COPY public.house_user (id, password, last_login, is_superuser, username, first_name, last_name, email, is_staff, is_active, date_joined, phone, location) FROM stdin;
1	pbkdf2_sha256$600000$cikgROVhsmZ7S6DuFR19qM$1qKCh4EUNvuKCy7xFUuRJMxqLgqWQE8l6bNu+bfEt6w=	2025-02-03 14:36:29.814417+05:45	f	purush.bhandari69@gmail.com	PURSOTTAM BHANDARI		purush.bhandari69@gmail.com	f	t	2025-02-03 14:35:50.539982+05:45	9867446381	\N
5	pbkdf2_sha256$600000$Kux8cE8cNHwfKPWRHA9Zrc$44sIVxV6HkTXo/IJiHh7uzOxSExKOv4KxGhZ17ONjhc=	2025-02-08 15:20:32.061469+05:45	f	krishnabhandari207511@gmail.com	Krishna Bhandari		krishnabhandari207511@gmail.com	f	t	2025-02-03 16:33:03.248345+05:45	9898989898	\N
2	pbkdf2_sha256$600000$lfLfaWIxPosLv9V1wSV6qM$3va2Il0UpkR4l6UIV5xOzd8wvk3OMV+K9T/0Kjmko38=	2025-02-08 15:20:45.929838+05:45	t	purush.69@gmail.com			purush.69@gmail.com	t	t	2025-02-03 16:18:11.364584+05:45	\N	\N
\.


--
-- Data for Name: house_user_groups; Type: TABLE DATA; Schema: public; Owner: postgres
--

COPY public.house_user_groups (id, user_id, group_id) FROM stdin;
\.


--
-- Data for Name: house_user_user_permissions; Type: TABLE DATA; Schema: public; Owner: postgres
--

COPY public.house_user_user_permissions (id, user_id, permission_id) FROM stdin;
\.


--
-- Name: auth_group_id_seq; Type: SEQUENCE SET; Schema: public; Owner: postgres
--

SELECT pg_catalog.setval('public.auth_group_id_seq', 1, false);


--
-- Name: auth_group_permissions_id_seq; Type: SEQUENCE SET; Schema: public; Owner: postgres
--

SELECT pg_catalog.setval('public.auth_group_permissions_id_seq', 1, false);


--
-- Name: auth_permission_id_seq; Type: SEQUENCE SET; Schema: public; Owner: postgres
--

SELECT pg_catalog.setval('public.auth_permission_id_seq', 40, true);


--
-- Name: django_admin_log_id_seq; Type: SEQUENCE SET; Schema: public; Owner: postgres
--

SELECT pg_catalog.setval('public.django_admin_log_id_seq', 6, true);


--
-- Name: django_content_type_id_seq; Type: SEQUENCE SET; Schema: public; Owner: postgres
--

SELECT pg_catalog.setval('public.django_content_type_id_seq', 10, true);


--
-- Name: django_migrations_id_seq; Type: SEQUENCE SET; Schema: public; Owner: postgres
--

SELECT pg_catalog.setval('public.django_migrations_id_seq', 24, true);


--
-- Name: house_contactmessage_id_seq; Type: SEQUENCE SET; Schema: public; Owner: postgres
--

SELECT pg_catalog.setval('public.house_contactmessage_id_seq', 1, true);


--
-- Name: house_message_id_seq; Type: SEQUENCE SET; Schema: public; Owner: postgres
--

SELECT pg_catalog.setval('public.house_message_id_seq', 4, true);


--
-- Name: house_property_id_seq; Type: SEQUENCE SET; Schema: public; Owner: postgres
--

SELECT pg_catalog.setval('public.house_property_id_seq', 8, true);


--
-- Name: house_propertyimage_id_seq; Type: SEQUENCE SET; Schema: public; Owner: postgres
--

SELECT pg_catalog.setval('public.house_propertyimage_id_seq', 8, true);


--
-- Name: house_user_groups_id_seq; Type: SEQUENCE SET; Schema: public; Owner: postgres
--

SELECT pg_catalog.setval('public.house_user_groups_id_seq', 1, false);


--
-- Name: house_user_id_seq; Type: SEQUENCE SET; Schema: public; Owner: postgres
--

SELECT pg_catalog.setval('public.house_user_id_seq', 6, true);


--
-- Name: house_user_user_permissions_id_seq; Type: SEQUENCE SET; Schema: public; Owner: postgres
--

SELECT pg_catalog.setval('public.house_user_user_permissions_id_seq', 1, false);


--
-- Name: auth_group auth_group_name_key; Type: CONSTRAINT; Schema: public; Owner: postgres
--

ALTER TABLE ONLY public.auth_group
    ADD CONSTRAINT auth_group_name_key UNIQUE (name);


--
-- Name: auth_group_permissions auth_group_permissions_group_id_permission_id_0cd325b0_uniq; Type: CONSTRAINT; Schema: public; Owner: postgres
--

ALTER TABLE ONLY public.auth_group_permissions
    ADD CONSTRAINT auth_group_permissions_group_id_permission_id_0cd325b0_uniq UNIQUE (group_id, permission_id);


--
-- Name: auth_group_permissions auth_group_permissions_pkey; Type: CONSTRAINT; Schema: public; Owner: postgres
--

ALTER TABLE ONLY public.auth_group_permissions
    ADD CONSTRAINT auth_group_permissions_pkey PRIMARY KEY (id);


--
-- Name: auth_group auth_group_pkey; Type: CONSTRAINT; Schema: public; Owner: postgres
--

ALTER TABLE ONLY public.auth_group
    ADD CONSTRAINT auth_group_pkey PRIMARY KEY (id);


--
-- Name: auth_permission auth_permission_content_type_id_codename_01ab375a_uniq; Type: CONSTRAINT; Schema: public; Owner: postgres
--

ALTER TABLE ONLY public.auth_permission
    ADD CONSTRAINT auth_permission_content_type_id_codename_01ab375a_uniq UNIQUE (content_type_id, codename);


--
-- Name: auth_permission auth_permission_pkey; Type: CONSTRAINT; Schema: public; Owner: postgres
--

ALTER TABLE ONLY public.auth_permission
    ADD CONSTRAINT auth_permission_pkey PRIMARY KEY (id);


--
-- Name: django_admin_log django_admin_log_pkey; Type: CONSTRAINT; Schema: public; Owner: postgres
--

ALTER TABLE ONLY public.django_admin_log
    ADD CONSTRAINT django_admin_log_pkey PRIMARY KEY (id);


--
-- Name: django_content_type django_content_type_app_label_model_76bd3d3b_uniq; Type: CONSTRAINT; Schema: public; Owner: postgres
--

ALTER TABLE ONLY public.django_content_type
    ADD CONSTRAINT django_content_type_app_label_model_76bd3d3b_uniq UNIQUE (app_label, model);


--
-- Name: django_content_type django_content_type_pkey; Type: CONSTRAINT; Schema: public; Owner: postgres
--

ALTER TABLE ONLY public.django_content_type
    ADD CONSTRAINT django_content_type_pkey PRIMARY KEY (id);


--
-- Name: django_migrations django_migrations_pkey; Type: CONSTRAINT; Schema: public; Owner: postgres
--

ALTER TABLE ONLY public.django_migrations
    ADD CONSTRAINT django_migrations_pkey PRIMARY KEY (id);


--
-- Name: django_session django_session_pkey; Type: CONSTRAINT; Schema: public; Owner: postgres
--

ALTER TABLE ONLY public.django_session
    ADD CONSTRAINT django_session_pkey PRIMARY KEY (session_key);


--
-- Name: house_contactmessage house_contactmessage_pkey; Type: CONSTRAINT; Schema: public; Owner: postgres
--

ALTER TABLE ONLY public.house_contactmessage
    ADD CONSTRAINT house_contactmessage_pkey PRIMARY KEY (id);


--
-- Name: house_message house_message_pkey; Type: CONSTRAINT; Schema: public; Owner: postgres
--

ALTER TABLE ONLY public.house_message
    ADD CONSTRAINT house_message_pkey PRIMARY KEY (id);


--
-- Name: house_property house_property_pkey; Type: CONSTRAINT; Schema: public; Owner: postgres
--

ALTER TABLE ONLY public.house_property
    ADD CONSTRAINT house_property_pkey PRIMARY KEY (id);


--
-- Name: house_propertyimage house_propertyimage_pkey; Type: CONSTRAINT; Schema: public; Owner: postgres
--

ALTER TABLE ONLY public.house_propertyimage
    ADD CONSTRAINT house_propertyimage_pkey PRIMARY KEY (id);


--
-- Name: house_user house_user_email_02168bc1_uniq; Type: CONSTRAINT; Schema: public; Owner: postgres
--

ALTER TABLE ONLY public.house_user
    ADD CONSTRAINT house_user_email_02168bc1_uniq UNIQUE (email);


--
-- Name: house_user_groups house_user_groups_pkey; Type: CONSTRAINT; Schema: public; Owner: postgres
--

ALTER TABLE ONLY public.house_user_groups
    ADD CONSTRAINT house_user_groups_pkey PRIMARY KEY (id);


--
-- Name: house_user_groups house_user_groups_user_id_group_id_7baedb6f_uniq; Type: CONSTRAINT; Schema: public; Owner: postgres
--

ALTER TABLE ONLY public.house_user_groups
    ADD CONSTRAINT house_user_groups_user_id_group_id_7baedb6f_uniq UNIQUE (user_id, group_id);


--
-- Name: house_user house_user_pkey; Type: CONSTRAINT; Schema: public; Owner: postgres
--

ALTER TABLE ONLY public.house_user
    ADD CONSTRAINT house_user_pkey PRIMARY KEY (id);


--
-- Name: house_user_user_permissions house_user_user_permissions_pkey; Type: CONSTRAINT; Schema: public; Owner: postgres
--

ALTER TABLE ONLY public.house_user_user_permissions
    ADD CONSTRAINT house_user_user_permissions_pkey PRIMARY KEY (id);


--
-- Name: house_user_user_permissions house_user_user_permissions_user_id_permission_id_ca687246_uniq; Type: CONSTRAINT; Schema: public; Owner: postgres
--

ALTER TABLE ONLY public.house_user_user_permissions
    ADD CONSTRAINT house_user_user_permissions_user_id_permission_id_ca687246_uniq UNIQUE (user_id, permission_id);


--
-- Name: house_user house_user_username_key; Type: CONSTRAINT; Schema: public; Owner: postgres
--

ALTER TABLE ONLY public.house_user
    ADD CONSTRAINT house_user_username_key UNIQUE (username);


--
-- Name: auth_group_name_a6ea08ec_like; Type: INDEX; Schema: public; Owner: postgres
--

CREATE INDEX auth_group_name_a6ea08ec_like ON public.auth_group USING btree (name varchar_pattern_ops);


--
-- Name: auth_group_permissions_group_id_b120cbf9; Type: INDEX; Schema: public; Owner: postgres
--

CREATE INDEX auth_group_permissions_group_id_b120cbf9 ON public.auth_group_permissions USING btree (group_id);


--
-- Name: auth_group_permissions_permission_id_84c5c92e; Type: INDEX; Schema: public; Owner: postgres
--

CREATE INDEX auth_group_permissions_permission_id_84c5c92e ON public.auth_group_permissions USING btree (permission_id);


--
-- Name: auth_permission_content_type_id_2f476e4b; Type: INDEX; Schema: public; Owner: postgres
--

CREATE INDEX auth_permission_content_type_id_2f476e4b ON public.auth_permission USING btree (content_type_id);


--
-- Name: django_admin_log_content_type_id_c4bce8eb; Type: INDEX; Schema: public; Owner: postgres
--

CREATE INDEX django_admin_log_content_type_id_c4bce8eb ON public.django_admin_log USING btree (content_type_id);


--
-- Name: django_admin_log_user_id_c564eba6; Type: INDEX; Schema: public; Owner: postgres
--

CREATE INDEX django_admin_log_user_id_c564eba6 ON public.django_admin_log USING btree (user_id);


--
-- Name: django_session_expire_date_a5c62663; Type: INDEX; Schema: public; Owner: postgres
--

CREATE INDEX django_session_expire_date_a5c62663 ON public.django_session USING btree (expire_date);


--
-- Name: django_session_session_key_c0390e0f_like; Type: INDEX; Schema: public; Owner: postgres
--

CREATE INDEX django_session_session_key_c0390e0f_like ON public.django_session USING btree (session_key varchar_pattern_ops);


--
-- Name: house_message_property_id_892603d8; Type: INDEX; Schema: public; Owner: postgres
--

CREATE INDEX house_message_property_id_892603d8 ON public.house_message USING btree (property_id);


--
-- Name: house_property_seller_id_32282a9d; Type: INDEX; Schema: public; Owner: postgres
--

CREATE INDEX house_property_seller_id_32282a9d ON public.house_property USING btree (seller_id);


--
-- Name: house_propertyimage_property_id_c5a9d8b6; Type: INDEX; Schema: public; Owner: postgres
--

CREATE INDEX house_propertyimage_property_id_c5a9d8b6 ON public.house_propertyimage USING btree (property_id);


--
-- Name: house_user_email_02168bc1_like; Type: INDEX; Schema: public; Owner: postgres
--

CREATE INDEX house_user_email_02168bc1_like ON public.house_user USING btree (email varchar_pattern_ops);


--
-- Name: house_user_groups_group_id_3f22be6b; Type: INDEX; Schema: public; Owner: postgres
--

CREATE INDEX house_user_groups_group_id_3f22be6b ON public.house_user_groups USING btree (group_id);


--
-- Name: house_user_groups_user_id_a7a7f8ea; Type: INDEX; Schema: public; Owner: postgres
--

CREATE INDEX house_user_groups_user_id_a7a7f8ea ON public.house_user_groups USING btree (user_id);


--
-- Name: house_user_user_permissions_permission_id_a401a4b2; Type: INDEX; Schema: public; Owner: postgres
--

CREATE INDEX house_user_user_permissions_permission_id_a401a4b2 ON public.house_user_user_permissions USING btree (permission_id);


--
-- Name: house_user_user_permissions_user_id_5030d55a; Type: INDEX; Schema: public; Owner: postgres
--

CREATE INDEX house_user_user_permissions_user_id_5030d55a ON public.house_user_user_permissions USING btree (user_id);


--
-- Name: house_user_username_b33b2f3f_like; Type: INDEX; Schema: public; Owner: postgres
--

CREATE INDEX house_user_username_b33b2f3f_like ON public.house_user USING btree (username varchar_pattern_ops);


--
-- Name: auth_group_permissions auth_group_permissio_permission_id_84c5c92e_fk_auth_perm; Type: FK CONSTRAINT; Schema: public; Owner: postgres
--

ALTER TABLE ONLY public.auth_group_permissions
    ADD CONSTRAINT auth_group_permissio_permission_id_84c5c92e_fk_auth_perm FOREIGN KEY (permission_id) REFERENCES public.auth_permission(id) DEFERRABLE INITIALLY DEFERRED;


--
-- Name: auth_group_permissions auth_group_permissions_group_id_b120cbf9_fk_auth_group_id; Type: FK CONSTRAINT; Schema: public; Owner: postgres
--

ALTER TABLE ONLY public.auth_group_permissions
    ADD CONSTRAINT auth_group_permissions_group_id_b120cbf9_fk_auth_group_id FOREIGN KEY (group_id) REFERENCES public.auth_group(id) DEFERRABLE INITIALLY DEFERRED;


--
-- Name: auth_permission auth_permission_content_type_id_2f476e4b_fk_django_co; Type: FK CONSTRAINT; Schema: public; Owner: postgres
--

ALTER TABLE ONLY public.auth_permission
    ADD CONSTRAINT auth_permission_content_type_id_2f476e4b_fk_django_co FOREIGN KEY (content_type_id) REFERENCES public.django_content_type(id) DEFERRABLE INITIALLY DEFERRED;


--
-- Name: django_admin_log django_admin_log_content_type_id_c4bce8eb_fk_django_co; Type: FK CONSTRAINT; Schema: public; Owner: postgres
--

ALTER TABLE ONLY public.django_admin_log
    ADD CONSTRAINT django_admin_log_content_type_id_c4bce8eb_fk_django_co FOREIGN KEY (content_type_id) REFERENCES public.django_content_type(id) DEFERRABLE INITIALLY DEFERRED;


--
-- Name: django_admin_log django_admin_log_user_id_c564eba6_fk_house_user_id; Type: FK CONSTRAINT; Schema: public; Owner: postgres
--

ALTER TABLE ONLY public.django_admin_log
    ADD CONSTRAINT django_admin_log_user_id_c564eba6_fk_house_user_id FOREIGN KEY (user_id) REFERENCES public.house_user(id) DEFERRABLE INITIALLY DEFERRED;


--
-- Name: house_message house_message_property_id_892603d8_fk_house_property_id; Type: FK CONSTRAINT; Schema: public; Owner: postgres
--

ALTER TABLE ONLY public.house_message
    ADD CONSTRAINT house_message_property_id_892603d8_fk_house_property_id FOREIGN KEY (property_id) REFERENCES public.house_property(id) DEFERRABLE INITIALLY DEFERRED;


--
-- Name: house_property house_property_seller_id_32282a9d_fk_house_user_id; Type: FK CONSTRAINT; Schema: public; Owner: postgres
--

ALTER TABLE ONLY public.house_property
    ADD CONSTRAINT house_property_seller_id_32282a9d_fk_house_user_id FOREIGN KEY (seller_id) REFERENCES public.house_user(id) DEFERRABLE INITIALLY DEFERRED;


--
-- Name: house_propertyimage house_propertyimage_property_id_c5a9d8b6_fk_house_property_id; Type: FK CONSTRAINT; Schema: public; Owner: postgres
--

ALTER TABLE ONLY public.house_propertyimage
    ADD CONSTRAINT house_propertyimage_property_id_c5a9d8b6_fk_house_property_id FOREIGN KEY (property_id) REFERENCES public.house_property(id) DEFERRABLE INITIALLY DEFERRED;


--
-- Name: house_user_groups house_user_groups_group_id_3f22be6b_fk_auth_group_id; Type: FK CONSTRAINT; Schema: public; Owner: postgres
--

ALTER TABLE ONLY public.house_user_groups
    ADD CONSTRAINT house_user_groups_group_id_3f22be6b_fk_auth_group_id FOREIGN KEY (group_id) REFERENCES public.auth_group(id) DEFERRABLE INITIALLY DEFERRED;


--
-- Name: house_user_groups house_user_groups_user_id_a7a7f8ea_fk_house_user_id; Type: FK CONSTRAINT; Schema: public; Owner: postgres
--

ALTER TABLE ONLY public.house_user_groups
    ADD CONSTRAINT house_user_groups_user_id_a7a7f8ea_fk_house_user_id FOREIGN KEY (user_id) REFERENCES public.house_user(id) DEFERRABLE INITIALLY DEFERRED;


--
-- Name: house_user_user_permissions house_user_user_perm_permission_id_a401a4b2_fk_auth_perm; Type: FK CONSTRAINT; Schema: public; Owner: postgres
--

ALTER TABLE ONLY public.house_user_user_permissions
    ADD CONSTRAINT house_user_user_perm_permission_id_a401a4b2_fk_auth_perm FOREIGN KEY (permission_id) REFERENCES public.auth_permission(id) DEFERRABLE INITIALLY DEFERRED;


--
-- Name: house_user_user_permissions house_user_user_permissions_user_id_5030d55a_fk_house_user_id; Type: FK CONSTRAINT; Schema: public; Owner: postgres
--

ALTER TABLE ONLY public.house_user_user_permissions
    ADD CONSTRAINT house_user_user_permissions_user_id_5030d55a_fk_house_user_id FOREIGN KEY (user_id) REFERENCES public.house_user(id) DEFERRABLE INITIALLY DEFERRED;


--
-- PostgreSQL database dump complete
--

