price,area,bedrooms,bathrooms,stories,mainroad,guestroom,basement,hotwaterheating,airconditioning,parking,prefarea,furnishingstatus,total_rooms,area_per_room,price_per_area,room_ratio,amenities_score,log_area,log_price
13300000,7420,4,2.0,3.0,1,0,0,0,1,2.0,1,0,6.0,1236.6666666666667,1792.4528301886792,2.0,3,8.912069097970134,16.40327466837995
12250000,8960,4,4.0,4.0,1,0,0,0,1,3.0,0,0,8.0,1120.0,1367.1875,1.0,2,9.10063710688422,16.32103657658766
12250000,9960,3,2.0,2.0,1,0,1,0,0,2.0,1,1,5.0,1992.0,1229.9196787148594,1.5,3,9.206432747145165,16.32103657658766
12215000,7500,4,2.0,2.0,1,0,1,0,1,3.0,1,0,6.0,1250.0,1628.6666666666667,2.0,4,8.922791623969637,16.31817534454053
11410000,7420,4,1.0,2.0,1,1,1,0,1,2.0,0,0,5.0,1484.0,1537.7358490566037,4.0,4,8.912069097970134,16.250000809480674
10850000,7500,3,3.0,1.0,1,0,1,0,1,2.0,1,1,6.0,1250.0,1446.6666666666667,1.0,4,8.922791623969637,16.19967573011664
10150000,8580,4,3.0,4.0,1,0,0,0,1,2.0,1,1,7.0,1225.7142857142858,1182.983682983683,1.3333333333333333,3,9.057305735807121,16.132984361974234
10150000,16200,5,3.0,2.0,1,0,0,0,0,0.0,0,2,8.0,2025.0,626.5432098765432,1.6666666666666667,1,9.692828247710418,16.132984361974234
9870000,8100,4,1.0,2.0,1,1,1,0,1,2.0,1,0,5.0,1620.0,1218.5185185185185,4.0,5,8.999742789830492,16.105010512726782
9800000,5750,3,2.0,4.0,1,1,0,0,1,1.0,1,2,5.0,1150.0,1704.3478260869565,1.5,4,8.657129031713755,16.097893045681612
9800000,13200,3,1.0,2.0,1,0,1,0,1,0.0,1,0,4.0,3300.0,742.4242424242424,3.0,4,9.488047863280759,16.097893045681612
9681000,6000,4,3.0,2.0,1,1,1,1,0,2.0,0,1,7.0,857.1428571428571,1613.5,1.3333333333333333,4,8.699681400989514,16.085675862997316
9310000,6550,4,2.0,2.0,1,0,0,0,1,1.0,1,1,6.0,1091.6666666666667,1421.3740458015268,2.0,3,8.787372988731876,16.04659975666463
9240000,3500,4,2.0,2.0,1,0,0,1,0,2.0,0,0,6.0,583.3333333333334,2640.0,2.0,2,8.160803920954665,16.039052551842968
9240000,7800,3,2.0,2.0,1,0,0,0,0,0.0,1,1,5.0,1560.0,1184.6153846153845,1.5,2,8.962007209588313,16.039052551842968
9100000,6000,4,1.0,2.0,1,0,1,0,0,2.0,0,1,5.0,1200.0,1516.6666666666667,4.0,2,8.699681400989514,16.02378508137718
9100000,6600,4,2.0,2.0,1,1,1,0,1,1.0,1,2,6.0,1100.0,1378.7878787878788,2.0,5,8.79497643168877,16.02378508137718
8960000,8500,3,2.0,4.0,1,0,0,0,1,2.0,0,0,5.0,1700.0,1054.1176470588234,1.5,2,9.04793908261736,16.00828089655825
8890000,4600,3,2.0,2.0,1,1,0,0,1,2.0,0,0,5.0,920.0,1932.608695652174,1.5,3,8.434028950155469,16.00043771997602
8855000,6420,3,2.0,2.0,1,0,0,0,1,1.0,1,1,5.0,1284.0,1379.2834890965732,1.5,3,8.76732914779405,15.996492942129612
8750000,4320,3,1.0,2.0,1,0,1,1,0,2.0,0,1,4.0,1080.0,2025.462962962963,3.0,3,8.371242135931933,15.984564372619506
8680000,7155,3,2.0,1.0,1,1,1,0,1,2.0,0,2,5.0,1431.0,1213.1376659678547,1.5,4,8.87570644462861,15.976532201843899
8645000,8050,3,1.0,1.0,1,1,1,0,1,1.0,0,0,4.0,2012.5,1073.9130434782608,3.0,4,8.993551586299981,15.97249179277332
8645000,4560,3,2.0,2.0,1,1,1,0,1,1.0,0,0,5.0,912.0,1895.8333333333333,1.5,4,8.4252971767117,15.97249179277332
8575000,8800,3,2.0,2.0,1,0,0,0,1,2.0,0,0,5.0,1760.0,974.4318181818181,1.5,2,9.082620630373812,15.964361667634346
8540000,6540,4,2.0,2.0,1,1,1,0,1,2.0,1,0,6.0,1090.0,1305.8103975535169,2.0,5,8.785845337961213,15.960271682860764
8463000,6000,3,2.0,4.0,1,1,1,0,1,0.0,1,1,5.0,1200.0,1410.5,1.5,5,8.699681400989514,15.951214396813645
8400000,8875,3,1.0,1.0,1,0,0,0,0,1.0,0,1,4.0,2218.75,946.4788732394367,3.0,1,9.091106284052485,15.943742382861155
8400000,7950,5,2.0,2.0,1,0,1,1,0,0.0,0,2,7.0,1135.7142857142858,1056.6037735849056,2.5,3,8.981052985901483,15.943742382861155
8400000,5500,4,2.0,2.0,1,0,1,0,1,1.0,1,1,6.0,916.6666666666666,1527.2727272727273,2.0,4,8.612685172875459,15.943742382861155
8400000,7475,3,2.0,4.0,1,0,0,0,1,2.0,0,2,5.0,1495.0,1123.7458193979933,1.5,2,8.919453168575453,15.943742382861155
8400000,7000,3,1.0,4.0,1,0,0,0,1,2.0,0,1,4.0,1750.0,1200.0,3.0,2,8.853808274977197,15.943742382861155
8295000,4880,4,1.0,2.0,1,0,0,0,1,1.0,1,0,5.0,976.0,1699.795081967213,4.0,3,8.493105395887147,15.931163602161226
8190000,5960,3,3.0,2.0,1,1,1,0,0,1.0,0,2,6.0,993.3333333333334,1374.1610738255033,1.0,3,8.692993531219926,15.918424577929366
8120000,6840,5,1.0,2.0,1,1,1,0,1,1.0,0,0,6.0,1140.0,1187.1345029239767,5.0,4,8.830689198760998,15.909840835290563
8080940,7000,3,2.0,4.0,1,0,0,0,1,2.0,0,0,5.0,1400.0,1154.42,1.5,2,8.853808274977197,15.905018884112332
8043000,7482,3,2.0,3.0,1,0,0,1,0,1.0,1,0,5.0,1496.4,1074.979951884523,1.5,3,8.920389060080359,15.900312830217915
7980000,9000,4,2.0,4.0,1,0,0,0,1,2.0,0,0,6.0,1500.0,886.6666666666666,2.0,2,9.105090961257085,15.892449094739266
7962500,6000,3,1.0,4.0,1,1,0,0,1,2.0,0,2,4.0,1500.0,1327.0833333333333,3.0,3,8.699681400989514,15.890253704451245
7910000,6000,4,2.0,4.0,1,0,0,0,1,1.0,0,1,6.0,1000.0,1318.3333333333333,2.0,2,8.699681400989514,15.88363846616608
7875000,6550,3,1.0,2.0,1,0,1,0,1,0.0,1,0,4.0,1637.5,1202.2900763358778,3.0,4,8.787372988731876,15.87920386966009
7840000,6360,3,2.0,4.0,1,0,0,0,1,0.0,1,0,5.0,1272.0,1232.7044025157234,1.5,3,8.757940876678804,15.874749519877604
7700000,6480,3,2.0,4.0,1,0,0,0,1,0.0,0,2,5.0,1296.0,1188.2716049382716,1.5,2,8.776630098427717,15.856731016694035
7700000,6000,4,2.0,4.0,1,0,0,0,0,2.0,0,1,6.0,1000.0,1283.3333333333333,2.0,1,8.699681400989514,15.856731016694035
7560000,6000,4,2.0,4.0,1,0,0,0,1,1.0,0,0,6.0,1000.0,1260.0,2.0,2,8.699681400989514,15.83838188043084
7560000,6000,3,2.0,3.0,1,0,0,0,1,0.0,0,1,5.0,1200.0,1260.0,1.5,2,8.699681400989514,15.83838188043084
7525000,6000,3,2.0,4.0,1,0,0,0,1,1.0,0,0,5.0,1200.0,1254.1666666666667,1.5,2,8.699681400989514,15.83374150148957
7490000,6600,3,1.0,4.0,1,0,0,0,1,3.0,1,0,4.0,1650.0,1134.8484848484848,3.0,3,8.79497643168877,15.829079489004743
7455000,4300,3,2.0,2.0,1,0,1,0,0,1.0,0,2,5.0,860.0,1733.7209302325582,1.5,2,8.366602832783736,15.824395640319128
7420000,7440,3,2.0,1.0,1,1,1,0,1,0.0,1,1,5.0,1488.0,997.3118279569892,1.5,5,8.914760527397261,15.819689749914444
7420000,7440,3,2.0,4.0,1,0,0,0,0,1.0,1,2,5.0,1488.0,997.3118279569892,1.5,2,8.914760527397261,15.819689749914444
7420000,6325,3,1.0,4.0,1,0,0,0,1,1.0,0,2,4.0,1581.25,1173.1225296442688,3.0,2,8.752423403865594,15.819689749914444
7350000,6000,4,2.0,4.0,1,1,0,0,1,1.0,0,0,6.0,1000.0,1225.0,2.0,3,8.699681400989514,15.810211007243431
7350000,5150,3,2.0,4.0,1,0,0,0,1,2.0,0,1,5.0,1030.0,1427.1844660194174,1.5,2,8.546946149565585,15.810211007243431
7350000,6000,3,2.0,2.0,1,1,0,0,1,1.0,0,1,5.0,1200.0,1225.0,1.5,3,8.699681400989514,15.810211007243431
7350000,6000,3,1.0,2.0,1,0,0,0,1,1.0,0,2,4.0,1500.0,1225.0,3.0,2,8.699681400989514,15.810211007243431
7343000,11440,4,1.0,2.0,1,0,1,0,0,1.0,1,1,5.0,2288.0,641.8706293706293,4.0,3,9.344958673700944,15.80925817261786
7245000,9000,4,1.0,4.0,1,1,0,0,1,1.0,1,0,5.0,1800.0,805.0,4.0,4,9.105090961257085,15.795822271763136
7210000,7680,4,2.0,4.0,1,1,0,0,1,1.0,0,1,6.0,1280.0,938.8020833333334,2.0,3,8.946505025998682,15.790979647957377
7210000,6000,3,2.0,4.0,1,1,0,0,1,1.0,0,0,5.0,1200.0,1201.6666666666667,1.5,3,8.699681400989514,15.790979647957377
7140000,6000,3,2.0,2.0,1,1,0,0,0,1.0,0,1,5.0,1200.0,1190.0,1.5,2,8.699681400989514,15.78122347437178
7070000,8880,2,1.0,1.0,1,0,0,0,1,1.0,0,1,3.0,2960.0,796.1711711711712,2.0,2,9.091669442258505,15.77137117931546
7070000,6240,4,1.0,2.0,1,0,0,0,1,1.0,0,0,5.0,1248.0,1133.0128205128206,4.0,2,8.738895704934043,15.77137117931546
7035000,6360,4,2.0,3.0,1,0,0,0,1,2.0,1,0,6.0,1060.0,1106.132075471698,2.0,3,8.757940876678804,15.766408390677027
7000000,11175,3,1.0,1.0,1,0,1,0,1,1.0,1,0,4.0,2793.75,626.3982102908277,3.0,4,9.321523900936798,15.76142084987672
6930000,8880,3,2.0,2.0,1,0,1,0,1,1.0,0,0,5.0,1776.0,780.4054054054054,1.5,3,9.091669442258505,15.75137051546622
6930000,13200,2,1.0,1.0,1,0,1,1,0,1.0,0,0,3.0,4400.0,525.0,2.0,3,9.488047863280759,15.75137051546622
6895000,7700,3,2.0,1.0,1,0,0,0,0,2.0,0,2,5.0,1540.0,895.4545454545455,1.5,1,8.94910546953925,15.746307214242162
6860000,6000,3,1.0,1.0,1,0,0,0,1,1.0,0,0,4.0,1500.0,1143.3333333333333,3.0,2,8.699681400989514,15.741218145474653
6790000,12090,4,2.0,2.0,1,0,0,0,0,2.0,1,0,6.0,2015.0,561.6211745244003,2.0,2,9.400216653174247,15.730961646810274
6790000,4000,3,2.0,2.0,1,0,1,0,1,0.0,1,1,5.0,800.0,1697.5,1.5,4,8.294299608857235,15.730961646810274
6755000,6000,4,2.0,4.0,1,0,0,0,1,0.0,0,2,6.0,1000.0,1125.8333333333333,2.0,2,8.699681400989514,15.725793677414915
6720000,5020,3,1.0,4.0,1,0,0,0,1,0.0,1,2,4.0,1255.0,1338.6454183266933,3.0,3,8.521384396034705,15.720598861308845
6685000,6600,2,2.0,4.0,1,0,1,0,0,0.0,1,0,4.0,1650.0,1012.8787878787879,1.0,3,8.79497643168877,15.7153769181068
6650000,4040,3,1.0,2.0,1,0,1,1,0,1.0,0,0,4.0,1010.0,1646.039603960396,3.0,3,8.304247465078474,15.710127563007966
6650000,4260,4,2.0,2.0,1,0,0,1,0,0.0,0,1,6.0,710.0,1561.0328638497654,2.0,2,8.357259153499912,15.710127563007966
6650000,6420,3,2.0,3.0,1,0,0,0,1,0.0,1,0,5.0,1284.0,1035.8255451713396,1.5,3,8.76732914779405,15.710127563007966
6650000,6500,3,2.0,3.0,1,0,0,0,1,0.0,1,0,5.0,1300.0,1023.0769230769231,1.5,3,8.77971129020447,15.710127563007966
6650000,5700,3,1.0,1.0,1,1,1,0,1,2.0,1,0,4.0,1425.0,1166.6666666666667,3.0,5,8.648396877031582,15.710127563007966
6650000,6000,3,2.0,3.0,1,1,0,0,1,0.0,0,0,5.0,1200.0,1108.3333333333333,1.5,3,8.699681400989514,15.710127563007966
6629000,6000,3,1.0,2.0,1,0,0,1,0,1.0,1,1,4.0,1500.0,1104.8333333333333,3.0,3,8.699681400989514,15.706964672075832
6615000,4000,3,2.0,2.0,1,0,1,0,1,1.0,0,1,5.0,800.0,1653.75,1.5,3,8.294299608857235,15.704850506702762
6615000,10500,3,2.0,1.0,1,0,1,0,1,1.0,1,0,5.0,2100.0,630.0,1.5,4,9.259225769705994,15.704850506702762
6580000,6000,3,2.0,4.0,1,0,0,0,1,0.0,0,1,5.0,1200.0,1096.6666666666667,1.5,2,8.699681400989514,15.699545455277173
6510000,3760,3,1.0,2.0,1,0,0,1,0,2.0,0,1,4.0,940.0,1731.3829787234042,3.0,2,8.232440158470336,15.688850167794572
6510000,8250,3,2.0,3.0,1,0,0,0,1,0.0,0,0,5.0,1650.0,789.0909090909091,1.5,2,9.018089684104343,15.688850167794572
6510000,6670,3,1.0,3.0,1,0,1,0,0,0.0,1,2,4.0,1667.5,976.0119940029984,3.0,3,8.805525052709516,15.688850167794572
6475000,3960,3,1.0,1.0,1,0,1,0,0,0.0,0,1,4.0,990.0,1635.1010101010102,3.0,2,8.284251797621916,15.683459319990018
6475000,7410,3,1.0,1.0,1,1,1,0,1,2.0,1,2,4.0,1852.5,873.8191632928475,3.0,5,8.910720661951359,15.683459319990018
6440000,8580,5,3.0,2.0,1,0,0,0,0,2.0,0,0,8.0,1072.5,750.5827505827506,1.6666666666666667,1,9.057305735807121,15.678039253360028
6440000,5000,3,1.0,2.0,1,0,0,0,1,0.0,0,1,4.0,1250.0,1288.0,3.0,2,8.517393171418904,15.678039253360028
6419000,6750,2,1.0,1.0,1,1,1,0,0,2.0,1,0,3.0,2250.0,950.9629629629629,2.0,4,8.81744592104187,15.674773056081408
6405000,4800,3,2.0,4.0,1,1,0,0,1,0.0,0,0,5.0,960.0,1334.375,1.5,3,8.476579508530941,15.672589649440985
6300000,7200,3,2.0,1.0,1,0,1,0,1,3.0,0,1,5.0,1440.0,875.0,1.5,3,8.881975184248867,15.656060350091908
6300000,6000,4,2.0,4.0,1,0,0,0,0,1.0,0,1,6.0,1000.0,1050.0,2.0,1,8.699681400989514,15.656060350091908
6300000,4100,3,2.0,3.0,1,0,0,0,1,2.0,0,1,5.0,820.0,1536.5853658536585,1.5,2,8.31898612539206,15.656060350091908
6300000,9000,3,1.0,1.0,1,0,1,0,0,1.0,1,0,4.0,2250.0,700.0,3.0,3,9.105090961257085,15.656060350091908
6300000,6400,3,1.0,1.0,1,1,1,0,1,1.0,1,1,4.0,1600.0,984.375,3.0,5,8.764209507142004,15.656060350091908
6293000,6600,3,2.0,3.0,1,0,0,0,1,0.0,1,2,5.0,1320.0,953.4848484848485,1.5,3,8.79497643168877,15.65494862141578
6265000,6000,4,1.0,3.0,1,1,1,0,0,0.0,1,2,5.0,1200.0,1044.1666666666667,4.0,4,8.699681400989514,15.650489305929213
6230000,6600,3,2.0,1.0,1,0,1,0,1,0.0,1,2,5.0,1320.0,943.939393939394,1.5,4,8.79497643168877,15.644887051277268
6230000,5500,3,1.0,3.0,1,0,0,0,0,1.0,1,2,4.0,1375.0,1132.7272727272727,3.0,2,8.612685172875459,15.644887051277268
6195000,5500,3,2.0,4.0,1,1,0,0,1,1.0,0,1,5.0,1100.0,1126.3636363636363,1.5,3,8.612685172875459,15.639253234465867
6195000,6350,3,1.0,3.0,1,1,0,0,1,0.0,0,0,4.0,1587.5,975.5905511811023,3.0,3,8.756367559802975,15.639253234465867
6195000,5500,3,2.0,1.0,1,1,1,0,0,2.0,1,0,5.0,1100.0,1126.3636363636363,1.5,4,8.612685172875459,15.639253234465867
6160000,4500,3,1.0,4.0,1,0,0,0,1,0.0,0,2,4.0,1125.0,1368.888888888889,3.0,2,8.412054873292933,15.633587497847351
6160000,5450,4,2.0,1.0,1,0,1,0,1,0.0,1,1,6.0,908.3333333333334,1130.2752293577983,2.0,4,8.603554357064281,15.633587497847351
6125000,6420,3,1.0,3.0,1,0,1,0,0,0.0,1,2,4.0,1605.0,954.0498442367601,3.0,3,8.76732914779405,15.627889477660357
6107500,3240,4,1.0,3.0,1,0,0,0,0,1.0,0,1,5.0,648.0,1885.030864197531,4.0,1,8.083637203141548,15.625028245847135
6090000,6615,4,2.0,2.0,1,1,0,1,0,1.0,0,1,6.0,1102.5,920.6349206349206,2.0,3,8.797246236703527,15.622158803889679
6090000,6600,3,1.0,1.0,1,1,1,0,0,2.0,1,1,4.0,1650.0,922.7272727272727,3.0,4,8.79497643168877,15.622158803889679
6090000,8372,3,1.0,3.0,1,0,0,0,1,2.0,0,2,4.0,2093.0,727.4247491638796,3.0,2,9.032767522204432,15.622158803889679
6083000,4300,6,2.0,2.0,1,0,0,0,0,0.0,0,0,8.0,537.5,1414.6511627906978,3.0,1,8.366602832783736,15.621008717695398
6083000,9620,3,1.0,1.0,1,0,1,0,0,2.0,1,0,4.0,2405.0,632.3284823284823,3.0,3,9.171703488361265,15.621008717695398
6020000,6800,2,1.0,1.0,1,1,1,0,0,2.0,0,0,3.0,2266.6666666666665,885.2941176470588,2.0,3,8.824824939175638,15.610597983397946
6020000,8000,3,1.0,1.0,1,1,1,0,1,2.0,1,1,4.0,2000.0,752.5,3.0,5,8.987321812850125,15.610597983397946
6020000,6900,3,1.0,1.0,1,1,1,0,0,0.0,1,2,4.0,1725.0,872.463768115942,3.0,4,8.839421607620602,15.610597983397946
5950000,3700,4,1.0,2.0,1,1,0,0,1,0.0,0,0,5.0,740.0,1608.1081081081081,4.0,3,8.216358332386156,15.598901945589025
5950000,6420,3,1.0,1.0,1,0,1,0,1,0.0,1,0,4.0,1605.0,926.791277258567,3.0,4,8.76732914779405,15.598901945589025
5950000,7020,3,1.0,1.0,1,0,1,0,1,2.0,1,1,4.0,1755.0,847.5783475783476,3.0,4,8.85666093701725,15.598901945589025
5950000,6540,3,1.0,1.0,1,1,1,0,0,2.0,1,0,4.0,1635.0,909.7859327217126,3.0,4,8.785845337961213,15.598901945589025
5950000,7231,3,1.0,2.0,1,1,1,0,1,0.0,1,1,4.0,1807.75,822.8460793804453,3.0,5,8.886270902072013,15.598901945589025
5950000,6254,4,2.0,1.0,1,0,1,0,0,1.0,1,1,6.0,1042.3333333333333,951.3911096897986,2.0,3,8.741136422901011,15.598901945589025
5950000,7320,4,1.0,2.0,1,0,0,0,0,0.0,0,0,5.0,1464.0,812.8415300546449,4.0,1,8.898502209646642,15.598901945589025
5950000,6525,3,2.0,4.0,1,0,0,0,0,1.0,0,0,5.0,1305.0,911.8773946360153,1.5,1,8.783549477153265,15.598901945589025
5943000,15600,3,1.0,1.0,1,0,0,0,1,2.0,0,1,4.0,3900.0,380.96153846153845,3.0,2,9.65509029374725,15.59772478261397
5880000,7160,3,1.0,1.0,1,0,1,0,0,2.0,1,2,4.0,1790.0,821.2290502793296,3.0,3,8.87640491500694,15.587067489942822
5880000,6500,3,2.0,3.0,1,0,0,0,1,0.0,0,2,5.0,1300.0,904.6153846153846,1.5,2,8.77971129020447,15.587067489942822
5873000,5500,3,1.0,3.0,1,1,0,0,1,1.0,0,0,4.0,1375.0,1067.8181818181818,3.0,3,8.612685172875459,15.585876304775372
5873000,11460,3,1.0,3.0,1,0,0,0,0,2.0,1,1,4.0,2865.0,512.478184991274,3.0,2,9.346705246496699,15.585876304775372
5866000,4800,3,1.0,1.0,1,1,1,0,0,0.0,0,2,4.0,1200.0,1222.0833333333333,3.0,3,8.476579508530941,15.584683698993436
5810000,5828,4,1.0,4.0,1,1,0,0,0,0.0,0,1,5.0,1165.6,996.9114619080302,4.0,2,8.67060073804555,15.575091300945118
5810000,5200,3,1.0,3.0,1,0,0,0,1,0.0,0,1,4.0,1300.0,1117.3076923076924,3.0,2,8.556606193773073,15.575091300945118
5810000,4800,3,1.0,3.0,1,0,0,0,1,0.0,0,2,4.0,1200.0,1210.4166666666667,3.0,2,8.476579508530941,15.575091300945118
5803000,7000,3,1.0,1.0,1,0,1,0,0,2.0,1,1,4.0,1750.0,829.0,3.0,3,8.853808274977197,15.57388575549739
5775000,6000,3,2.0,4.0,1,0,0,0,1,0.0,0,2,5.0,1200.0,962.5,1.5,2,8.699681400989514,15.56904898753229
5740000,5400,4,2.0,2.0,1,0,0,0,1,2.0,0,2,6.0,900.0,1062.962962962963,2.0,2,8.594339400592892,15.562969942511762
5740000,4640,4,1.0,2.0,1,0,0,0,0,1.0,0,1,5.0,928.0,1237.0689655172414,4.0,1,8.442685139241176,15.562969942511762
5740000,5000,3,1.0,3.0,1,0,0,0,1,0.0,0,1,4.0,1250.0,1148.0,3.0,2,8.517393171418904,15.562969942511762
5740000,6360,3,1.0,1.0,1,1,1,0,1,2.0,1,0,4.0,1590.0,902.5157232704403,3.0,5,8.757940876678804,15.562969942511762
5740000,5800,3,2.0,4.0,1,0,0,0,1,0.0,0,2,5.0,1160.0,989.6551724137931,1.5,2,8.665785595466064,15.562969942511762
5652500,6660,4,2.0,2.0,1,1,1,0,0,1.0,1,1,6.0,1110.0,848.7237237237238,2.0,4,8.804024902413179,15.547608660047116
5600000,10500,4,2.0,2.0,1,0,0,0,0,1.0,0,1,6.0,1750.0,533.3333333333334,2.0,1,9.259225769705994,15.53827733427679
5600000,4800,5,2.0,3.0,0,0,1,1,0,0.0,0,2,7.0,685.7142857142857,1166.6666666666667,2.5,2,8.476579508530941,15.53827733427679
5600000,4700,4,1.0,2.0,1,1,1,0,1,1.0,0,0,5.0,940.0,1191.4893617021276,4.0,4,8.45553053102413,15.53827733427679
5600000,5000,3,1.0,4.0,1,0,0,0,0,0.0,0,0,4.0,1250.0,1120.0,3.0,1,8.517393171418904,15.53827733427679
5600000,10500,2,1.0,1.0,1,0,0,0,0,1.0,0,1,3.0,3500.0,533.3333333333334,2.0,1,9.259225769705994,15.53827733427679
5600000,5500,3,2.0,2.0,1,0,0,0,0,1.0,0,1,5.0,1100.0,1018.1818181818181,1.5,1,8.612685172875459,15.53827733427679
5600000,6360,3,1.0,3.0,1,0,0,0,0,0.0,1,1,4.0,1590.0,880.503144654088,3.0,2,8.757940876678804,15.53827733427679
5600000,6600,4,2.0,1.0,1,0,1,0,0,0.0,1,1,6.0,1100.0,848.4848484848485,2.0,3,8.79497643168877,15.53827733427679
5600000,5136,3,1.0,2.0,1,1,1,0,1,0.0,1,2,4.0,1284.0,1090.342679127726,3.0,5,8.544224530467268,15.53827733427679
5565000,4400,4,1.0,2.0,1,0,0,0,1,2.0,1,1,5.0,880.0,1264.7727272727273,4.0,3,8.38958706681109,15.532007722386286
5565000,5400,5,1.0,2.0,1,1,1,0,1,0.0,1,0,6.0,900.0,1030.5555555555557,5.0,5,8.594339400592892,15.532007722386286
5530000,3300,3,3.0,2.0,1,0,1,0,0,0.0,0,1,6.0,550.0,1675.7575757575758,1.0,2,8.101980731853192,15.525698554330328
5530000,3650,3,2.0,2.0,1,0,0,0,0,0.0,0,1,5.0,730.0,1515.0684931506848,1.5,1,8.202756381655638,15.525698554330328
5530000,6100,3,2.0,1.0,1,0,1,0,0,2.0,1,0,5.0,1220.0,906.5573770491803,1.5,3,8.716207971151853,15.525698554330328
5523000,6900,3,1.0,1.0,1,1,1,0,0,0.0,1,1,4.0,1725.0,800.4347826086956,3.0,4,8.839421607620602,15.524431929944326
5495000,2817,4,2.0,2.0,0,1,1,0,0,1.0,0,0,6.0,469.5,1950.6567270145545,2.0,2,7.943782692458625,15.519349327803464
5495000,7980,3,1.0,1.0,1,0,0,0,0,2.0,0,1,4.0,1995.0,688.5964912280701,3.0,1,8.984818995876008,15.519349327803464
5460000,3150,3,2.0,1.0,1,1,1,0,1,0.0,0,0,5.0,630.0,1733.3333333333333,1.5,4,8.055475141757274,15.512959530871255
5460000,6210,4,1.0,4.0,1,1,0,0,1,0.0,0,0,5.0,1242.0,879.2270531400966,4.0,3,8.734077192559303,15.512959530871255
5460000,6100,3,1.0,3.0,1,1,0,0,1,0.0,1,1,4.0,1525.0,895.0819672131148,3.0,4,8.716207971151853,15.512959530871255
5460000,6600,4,2.0,2.0,1,1,1,0,0,0.0,1,1,6.0,1100.0,827.2727272727273,2.0,4,8.79497643168877,15.512959530871255
5425000,6825,3,1.0,1.0,1,1,1,0,1,0.0,1,1,4.0,1706.25,794.8717948717949,3.0,5,8.828494129466652,15.506528641722577
5390000,6710,3,2.0,2.0,1,1,1,0,0,1.0,1,0,5.0,1342.0,803.2786885245902,1.5,4,8.811503250158239,15.50005612841392
5383000,6450,3,2.0,1.0,1,1,1,1,0,0.0,0,2,5.0,1290.0,834.5736434108527,1.5,4,8.771990436532242,15.498756583313094
5320000,7800,3,1.0,1.0,1,0,1,0,1,2.0,1,2,4.0,1950.0,682.0512820512821,3.0,4,8.962007209588313,15.486984049287734
5285000,4600,2,2.0,1.0,1,0,0,0,1,2.0,0,1,4.0,1150.0,1148.9130434782608,1.0,2,8.434028950155469,15.480383366501217
5250000,4260,4,1.0,2.0,1,0,1,0,1,0.0,0,0,5.0,852.0,1232.394366197183,4.0,3,8.357259153499912,15.473738825043979
5250000,6540,4,2.0,2.0,0,0,0,0,1,0.0,0,1,6.0,1090.0,802.7522935779816,2.0,1,8.785845337961213,15.473738825043979
5250000,5500,3,2.0,1.0,1,0,1,0,0,0.0,0,1,5.0,1100.0,954.5454545454545,1.5,2,8.612685172875459,15.473738825043979
5250000,10269,3,1.0,1.0,1,0,0,0,0,1.0,1,1,4.0,2567.25,511.2474437627812,3.0,2,9.236982302922604,15.473738825043979
5250000,8400,3,1.0,2.0,1,1,1,0,1,2.0,1,2,4.0,2100.0,625.0,3.0,5,9.036106025364846,15.473738825043979
5250000,5300,4,2.0,1.0,1,0,0,0,1,0.0,1,2,6.0,883.3333333333334,990.566037735849,2.0,3,8.575650760987806,15.473738825043979
5250000,3800,3,1.0,2.0,1,1,1,0,0,1.0,1,2,4.0,950.0,1381.578947368421,3.0,4,8.24301946898925,15.473738825043979
5250000,9800,4,2.0,2.0,1,1,0,0,0,2.0,0,1,6.0,1633.3333333333333,535.7142857142857,2.0,2,9.19023970026918,15.473738825043979
5250000,8520,3,1.0,1.0,1,0,0,0,1,2.0,0,0,4.0,2130.0,616.1971830985915,3.0,2,9.050288983827956,15.473738825043979
5243000,6050,3,1.0,1.0,1,0,1,0,0,0.0,1,1,4.0,1512.5,866.6115702479339,3.0,3,8.707978826622321,15.472404602285149
5229000,7085,3,1.0,1.0,1,1,1,0,0,2.0,1,1,4.0,1771.25,738.0381086803105,3.0,4,8.865876285425417,15.469730804411405
5215000,3180,3,2.0,2.0,1,0,0,0,0,2.0,0,1,5.0,636.0,1639.937106918239,1.5,1,8.064950891749143,15.467049838171546
5215000,4500,4,2.0,1.0,0,0,1,0,1,2.0,0,1,6.0,750.0,1158.888888888889,2.0,2,8.412054873292933,15.467049838171546
5215000,7200,3,1.0,2.0,1,1,1,0,0,1.0,1,0,4.0,1800.0,724.3055555555555,3.0,4,8.881975184248867,15.467049838171546
5145000,3410,3,1.0,2.0,0,0,0,0,1,0.0,0,1,4.0,852.5,1508.7976539589442,3.0,1,8.134760782418645,15.453536121613729
5145000,7980,3,1.0,1.0,1,0,0,0,0,1.0,1,1,4.0,1995.0,644.7368421052631,3.0,2,8.984818995876008,15.453536121613729
5110000,3000,3,2.0,2.0,1,1,1,0,0,0.0,0,0,5.0,600.0,1703.3333333333333,1.5,3,8.006700845440367,15.446710157874584
5110000,3000,3,1.0,2.0,1,0,1,0,0,0.0,0,2,4.0,750.0,1703.3333333333333,3.0,2,8.006700845440367,15.446710157874584
5110000,11410,2,1.0,2.0,1,0,0,0,0,0.0,1,0,3.0,3803.3333333333335,447.85276073619633,2.0,2,9.34233308143468,15.446710157874584
5110000,6100,3,1.0,1.0,1,0,1,0,1,0.0,1,1,4.0,1525.0,837.7049180327868,3.0,4,8.716207971151853,15.446710157874584
5075000,5720,2,1.0,2.0,1,0,0,0,1,0.0,1,2,3.0,1906.6666666666667,887.2377622377622,2.0,3,8.651898894268529,15.439837279936441
5040000,3540,2,1.0,1.0,0,1,1,0,0,0.0,0,1,3.0,1180.0,1423.7288135593221,2.0,2,8.172164452111904,15.43291683846023
5040000,7600,4,1.0,2.0,1,0,0,0,1,0.0,0,0,5.0,1520.0,663.1578947368421,4.0,2,8.936035096566041,15.43291683846023
5040000,10700,3,1.0,2.0,1,1,1,0,0,0.0,0,1,4.0,2675.0,471.02803738317755,3.0,3,9.278092474027002,15.43291683846023
5040000,6600,3,1.0,1.0,1,1,1,0,0,0.0,1,0,4.0,1650.0,763.6363636363636,3.0,4,8.79497643168877,15.43291683846023
5033000,4800,2,1.0,1.0,1,1,1,0,0,0.0,0,1,3.0,1600.0,1048.5416666666667,2.0,3,8.476579508530941,15.431526984447132
5005000,8150,3,2.0,1.0,1,1,1,0,0,0.0,0,1,5.0,1630.0,614.1104294478528,1.5,3,9.005895898094458,15.425948170531639
4970000,4410,4,3.0,2.0,1,0,1,0,0,2.0,0,1,7.0,630.0,1126.984126984127,1.3333333333333333,2,8.39185670010494,15.418930599280035
4970000,7686,3,1.0,1.0,1,1,1,1,0,0.0,0,1,4.0,1921.5,646.6302367941712,3.0,4,8.947285869349132,15.418930599280035
4956000,2800,3,2.0,2.0,0,0,1,0,1,1.0,0,1,5.0,560.0,1770.0,1.5,2,7.937731775260109,15.416109723506775
4935000,5948,3,1.0,2.0,1,0,0,0,1,0.0,0,1,4.0,1487.0,829.6906523201076,3.0,2,8.690978417187905,15.411863433483944
4907000,4200,3,1.0,2.0,1,0,0,0,0,1.0,0,0,4.0,1050.0,1168.3333333333333,3.0,1,8.343077871169383,15.406173518862524
4900000,4520,3,1.0,2.0,1,0,1,0,1,0.0,0,1,4.0,1130.0,1084.070796460177,3.0,3,8.416488487294606,15.404745967162468
4900000,4095,3,1.0,2.0,0,1,1,0,1,0.0,0,1,4.0,1023.75,1196.5811965811965,3.0,3,8.317766166719343,15.404745967162468
4900000,4120,2,1.0,1.0,1,0,1,0,0,1.0,0,1,3.0,1373.3333333333333,1189.3203883495146,2.0,2,8.323851131338817,15.404745967162468
4900000,5400,4,1.0,2.0,1,0,0,0,0,0.0,0,1,5.0,1080.0,907.4074074074074,4.0,1,8.594339400592892,15.404745967162468
4900000,4770,3,1.0,1.0,1,1,1,0,0,0.0,0,1,4.0,1192.5,1027.2536687631027,3.0,3,8.470311205516108,15.404745967162468
4900000,6300,3,1.0,1.0,1,0,0,0,1,2.0,0,1,4.0,1575.0,777.7777777777778,3.0,2,8.748463629942055,15.404745967162468
4900000,5800,2,1.0,1.0,1,1,1,0,1,0.0,0,1,3.0,1933.3333333333333,844.8275862068965,2.0,4,8.665785595466064,15.404745967162468
4900000,3000,3,1.0,2.0,1,0,1,0,1,0.0,0,1,4.0,750.0,1633.3333333333333,3.0,3,8.006700845440367,15.404745967162468
4900000,2970,3,1.0,3.0,1,0,0,0,0,0.0,0,1,4.0,742.5,1649.8316498316499,3.0,1,7.9966538754626075,15.404745967162468
4900000,6720,3,1.0,1.0,1,0,0,0,0,0.0,0,2,4.0,1680.0,729.1666666666666,3.0,1,8.812992231969966,15.404745967162468
4900000,4646,3,1.0,2.0,1,1,1,0,0,2.0,0,1,4.0,1161.5,1054.6706844597504,3.0,3,8.443977129084978,15.404745967162468
4900000,12900,3,1.0,1.0,1,0,0,0,0,2.0,0,0,4.0,3225.0,379.84496124031006,3.0,1,9.465060106725137,15.404745967162468
4893000,3420,4,2.0,2.0,1,0,1,0,1,2.0,0,1,6.0,570.0,1430.701754385965,2.0,3,8.137688184977605,15.403316374644834
4893000,4995,4,2.0,1.0,1,0,1,0,0,0.0,0,1,6.0,832.5,979.5795795795796,2.0,2,8.516392871245468,15.403316374644834
4865000,4350,2,1.0,1.0,1,0,1,0,0,0.0,0,2,3.0,1450.0,1118.3908045977012,2.0,2,8.37816098272068,15.397577479152067
4830000,4160,3,1.0,3.0,1,0,0,0,0,0.0,0,2,4.0,1040.0,1161.0576923076924,3.0,1,8.333510708982942,15.390357232668071
4830000,6040,3,1.0,1.0,1,0,0,0,0,0.0,1,1,4.0,1510.0,799.6688741721854,3.0,2,8.706324840138741,15.390357232668071
4830000,6862,3,1.0,2.0,1,0,0,0,1,2.0,1,0,4.0,1715.5,703.8764208685515,3.0,3,8.833899942908635,15.390357232668071
4830000,4815,2,1.0,1.0,1,0,0,0,1,0.0,1,1,3.0,1605.0,1003.1152647975077,2.0,3,8.479698986988657,15.390357232668071
4795000,7000,3,1.0,2.0,1,0,1,0,0,0.0,0,2,4.0,1750.0,685.0,3.0,2,8.853808274977197,15.383084474850227
4795000,8100,4,1.0,4.0,1,0,1,0,1,2.0,0,1,5.0,1620.0,591.9753086419753,4.0,3,8.999742789830492,15.383084474850227
4767000,3420,4,2.0,2.0,1,0,0,0,0,0.0,0,1,6.0,570.0,1393.859649122807,2.0,1,8.137688184977605,15.377227943962481
4760000,9166,2,1.0,1.0,1,0,1,0,1,2.0,0,1,3.0,3055.3333333333335,519.3104953087498,2.0,3,9.123365357961776,15.375758436291614
4760000,6321,3,1.0,2.0,1,0,1,0,1,1.0,0,0,4.0,1580.25,753.0454042081949,3.0,3,8.751790892775563,15.375758436291614
4760000,10240,2,1.0,1.0,1,0,0,0,1,2.0,1,2,3.0,3413.3333333333335,464.84375,2.0,3,9.234154550075438,15.375758436291614
4753000,6440,2,1.0,1.0,1,0,0,0,1,3.0,0,1,3.0,2146.6666666666665,738.0434782608696,2.0,2,8.77043908654689,15.37428676598956
4690000,5170,3,1.0,4.0,1,0,0,0,1,0.0,0,1,4.0,1292.5,907.1566731141199,3.0,2,8.550821372396221,15.360943353642055
4690000,6000,2,1.0,1.0,1,0,1,0,1,1.0,0,0,3.0,2000.0,781.6666666666666,2.0,3,8.699681400989514,15.360943353642055
4690000,3630,3,1.0,2.0,1,0,0,0,0,2.0,0,1,4.0,907.5,1292.0110192837465,3.0,1,8.197263371414335,15.360943353642055
4690000,9667,4,2.0,2.0,1,1,1,0,0,1.0,0,1,6.0,1611.1666666666667,485.15568428674874,2.0,3,9.176576741823373,15.360943353642055
4690000,5400,2,1.0,2.0,1,0,0,0,0,0.0,1,1,3.0,1800.0,868.5185185185185,2.0,2,8.594339400592892,15.360943353642055
4690000,4320,3,1.0,1.0,1,0,0,0,0,0.0,1,1,4.0,1080.0,1085.648148148148,3.0,2,8.371242135931933,15.360943353642055
4655000,3745,3,1.0,2.0,1,0,1,0,0,0.0,0,0,4.0,936.25,1242.9906542056074,3.0,2,8.228443883004033,15.353452683516053
4620000,4160,3,1.0,1.0,1,1,1,0,1,0.0,0,2,4.0,1040.0,1110.576923076923,3.0,4,8.333510708982942,15.345905479508115
4620000,3880,3,1.0,2.0,1,0,1,0,0,2.0,0,1,4.0,970.0,1190.721649484536,3.0,2,8.263848131368906,15.345905479508115
4620000,5680,3,1.0,2.0,1,1,0,0,1,1.0,0,1,4.0,1420.0,813.3802816901408,3.0,3,8.644882552557126,15.345905479508115
4620000,2870,2,1.0,2.0,1,1,1,0,0,0.0,1,1,3.0,956.6666666666666,1609.7560975609756,2.0,4,7.962415680121064,15.345905479508115
4620000,5010,3,1.0,2.0,1,0,1,0,0,0.0,0,1,4.0,1252.5,922.1556886227545,3.0,2,8.519390774959724,15.345905479508115
4613000,4510,4,2.0,2.0,1,0,1,0,0,0.0,0,1,6.0,751.6666666666666,1022.8381374722838,2.0,2,8.414274137408396,15.344389179318602
4585000,4000,3,1.0,2.0,1,0,0,0,0,1.0,0,0,4.0,1000.0,1146.25,3.0,1,8.294299608857235,15.338300881775186
4585000,3840,3,1.0,2.0,1,0,0,0,0,1.0,1,1,4.0,960.0,1194.0104166666667,3.0,2,8.253488028345904,15.338300881775186
4550000,3760,3,1.0,1.0,1,0,0,0,0,2.0,0,1,4.0,940.0,1210.1063829787233,3.0,1,8.232440158470336,15.330638010707329
4550000,3640,3,1.0,2.0,1,0,0,0,1,0.0,0,0,4.0,910.0,1250.0,3.0,2,8.200013648175434,15.330638010707329
4550000,2550,3,1.0,2.0,1,0,1,0,0,0.0,0,0,4.0,637.5,1784.313725490196,3.0,2,7.844240718141811,15.330638010707329
4550000,5320,3,1.0,2.0,1,1,1,0,0,0.0,1,1,4.0,1330.0,855.2631578947369,3.0,4,8.579416534596369,15.330638010707329
4550000,5360,3,1.0,2.0,1,0,0,0,0,2.0,1,2,4.0,1340.0,848.8805970149253,3.0,2,8.586905803827538,15.330638010707329
4550000,3520,3,1.0,1.0,1,0,0,0,0,0.0,1,1,4.0,880.0,1292.6136363636363,3.0,2,8.166500319155052,15.330638010707329
4550000,8400,4,1.0,4.0,1,0,0,0,0,3.0,0,2,5.0,1680.0,541.6666666666666,4.0,1,9.036106025364846,15.330638010707329
4543000,4100,2,2.0,1.0,1,1,1,0,0,0.0,0,1,4.0,1025.0,1108.0487804878048,1.0,3,8.31898612539206,15.32909836486038
4543000,4990,4,2.0,2.0,1,1,1,0,0,0.0,1,0,6.0,831.6666666666666,910.4208416833667,2.0,4,8.515391569469609,15.32909836486038
4515000,3510,3,1.0,3.0,1,0,0,0,0,0.0,0,1,4.0,877.5,1286.3247863247864,3.0,1,8.163656176168432,15.32291596631714
4515000,3450,3,1.0,2.0,1,0,1,0,0,1.0,0,1,4.0,862.5,1308.695652173913,3.0,2,8.146419323098003,15.32291596631714
4515000,9860,3,1.0,1.0,1,0,0,0,0,0.0,0,1,4.0,2465.0,457.9107505070994,3.0,1,9.19634286233233,15.32291596631714
4515000,3520,2,1.0,2.0,1,0,0,0,0,0.0,1,0,3.0,1173.3333333333333,1282.6704545454545,2.0,2,8.166500319155052,15.32291596631714
4480000,4510,4,1.0,2.0,1,0,0,0,1,2.0,0,1,5.0,902.0,993.3481152993348,4.0,2,8.414274137408396,15.315133827605429
4480000,5885,2,1.0,1.0,1,0,0,0,1,1.0,0,2,3.0,1961.6666666666667,761.2574341546305,2.0,2,8.680331928793418,15.315133827605429
4480000,4000,3,1.0,2.0,1,0,0,0,0,2.0,0,0,4.0,1000.0,1120.0,3.0,1,8.294299608857235,15.315133827605429
4480000,8250,3,1.0,1.0,1,0,0,0,0,0.0,0,0,4.0,2062.5,543.030303030303,3.0,1,9.018089684104343,15.315133827605429
4480000,4040,3,1.0,2.0,1,0,0,0,0,1.0,0,1,4.0,1010.0,1108.9108910891089,3.0,1,8.304247465078474,15.315133827605429
4473000,6360,2,1.0,1.0,1,0,1,0,1,1.0,0,0,3.0,2120.0,703.3018867924528,2.0,3,8.757940876678804,15.313570105978563
4473000,3162,3,1.0,2.0,1,0,0,0,1,1.0,0,0,4.0,790.5,1414.6110056925995,3.0,2,8.059276223305648,15.313570105978563
4473000,3510,3,1.0,2.0,1,0,0,0,0,0.0,0,1,4.0,877.5,1274.3589743589744,3.0,1,8.163656176168432,15.313570105978563
4445000,3750,2,1.0,1.0,1,1,1,0,0,0.0,0,1,3.0,1250.0,1185.3333333333333,2.0,3,8.229777750081887,15.307290651901996
4410000,3968,3,1.0,2.0,0,0,0,0,0,0.0,0,1,4.0,992.0,1111.391129032258,3.0,0,8.286269452783065,15.299385474180372
4410000,4900,2,1.0,2.0,1,0,1,0,0,0.0,0,1,3.0,1633.3333333333333,900.0,2.0,2,8.497194544909547,15.299385474180372
4403000,2880,3,1.0,2.0,1,0,0,0,0,0.0,1,1,4.0,720.0,1528.8194444444443,3.0,2,7.9658927350845286,15.29779691185574
4403000,4880,3,1.0,1.0,1,0,0,0,0,2.0,1,2,4.0,1220.0,902.2540983606557,3.0,2,8.493105395887147,15.29779691185574
4403000,4920,3,1.0,2.0,1,0,0,0,0,1.0,0,1,4.0,1230.0,894.9186991869918,3.0,1,8.501267040865978,15.29779691185574
4382000,4950,4,1.0,2.0,1,0,0,0,1,0.0,0,1,5.0,990.0,885.2525252525253,4.0,2,8.507344855361422,15.293016027343821
4375000,3900,3,1.0,2.0,1,0,0,0,0,0.0,0,2,4.0,975.0,1121.7948717948718,3.0,1,8.268988209506656,15.291417306345254
4340000,4500,3,2.0,3.0,1,0,0,1,0,1.0,0,0,5.0,900.0,964.4444444444445,1.5,2,8.412054873292933,15.283385136491308
4340000,1905,5,1.0,2.0,0,0,1,0,0,0.0,0,1,6.0,317.5,2278.215223097113,5.0,1,7.552762084214147,15.283385136491308
4340000,4075,3,1.0,1.0,1,1,1,0,0,2.0,0,1,4.0,1018.75,1065.0306748466257,3.0,3,8.312871394342615,15.283385136491308
4340000,3500,4,1.0,2.0,1,0,0,0,0,2.0,0,0,5.0,700.0,1240.0,4.0,1,8.160803920954665,15.283385136491308
4340000,6450,4,1.0,2.0,1,0,0,0,0,0.0,0,1,5.0,1290.0,672.8682170542636,4.0,1,8.771990436532242,15.283385136491308
4319000,4032,2,1.0,1.0,1,0,1,0,0,0.0,0,0,3.0,1344.0,1071.1805555555557,2.0,2,8.302265794873367,15.278534683477888
4305000,4400,2,1.0,1.0,1,0,0,0,0,1.0,0,1,3.0,1466.6666666666667,978.4090909090909,2.0,1,8.38958706681109,15.275287928131979
4305000,10360,2,1.0,1.0,1,0,0,0,0,1.0,1,1,3.0,3453.3333333333335,415.5405405405405,2.0,2,9.245804036251752,15.275287928131979
4277000,3400,3,1.0,2.0,1,0,1,0,0,2.0,1,1,4.0,850.0,1257.9411764705883,3.0,3,8.131824785007195,15.268762621017762
4270000,6360,2,1.0,1.0,1,0,0,0,0,0.0,0,0,3.0,2120.0,671.3836477987421,2.0,1,8.757940876678804,15.267124619396817
4270000,6360,2,1.0,2.0,1,0,0,0,0,0.0,0,2,3.0,2120.0,671.3836477987421,2.0,1,8.757940876678804,15.267124619396817
4270000,4500,2,1.0,1.0,1,0,0,0,1,2.0,0,0,3.0,1500.0,948.8888888888889,2.0,2,8.412054873292933,15.267124619396817
4270000,2175,3,1.0,2.0,0,1,1,0,1,0.0,0,2,4.0,543.75,1963.2183908045977,3.0,3,7.685243607975833,15.267124619396817
4270000,4360,4,1.0,2.0,1,0,0,0,0,0.0,0,0,5.0,872.0,979.3577981651376,4.0,1,8.380456667842767,15.267124619396817
4270000,7770,2,1.0,1.0,1,0,0,0,0,1.0,0,0,3.0,2590.0,549.5495495495495,2.0,1,8.958154135209242,15.267124619396817
4235000,6650,3,1.0,2.0,1,1,0,0,0,0.0,0,1,4.0,1662.5,636.8421052631579,3.0,2,8.802522498284421,15.258894122195773
4235000,2787,3,1.0,1.0,1,0,1,0,0,0.0,1,0,4.0,696.75,1519.5550771438823,3.0,3,7.933079771880415,15.258894122195773
4200000,5500,3,1.0,2.0,1,0,0,0,1,0.0,0,2,4.0,1375.0,763.6363636363636,3.0,2,8.612685172875459,15.250595321348806
4200000,5040,3,1.0,2.0,1,0,1,0,1,0.0,0,2,4.0,1260.0,833.3333333333334,3.0,3,8.525359754082631,15.250595321348806
4200000,5850,2,1.0,1.0,1,1,1,0,0,2.0,0,1,3.0,1950.0,717.9487179487179,2.0,3,8.674367865788236,15.250595321348806
4200000,2610,4,3.0,2.0,0,0,0,0,0,0.0,0,1,7.0,372.85714285714283,1609.1954022988505,1.3333333333333333,0,7.8674885686991285,15.250595321348806
4200000,2953,3,1.0,2.0,1,0,1,0,1,0.0,0,2,4.0,738.25,1422.2824246528953,3.0,3,7.9909154630913255,15.250595321348806
4200000,2747,4,2.0,2.0,0,0,0,0,0,0.0,0,1,6.0,457.8333333333333,1528.9406625409538,2.0,0,7.91862865334224,15.250595321348806
4200000,4410,2,1.0,1.0,0,0,0,0,0,1.0,0,2,3.0,1470.0,952.3809523809524,2.0,0,8.39185670010494,15.250595321348806
4200000,4000,4,2.0,2.0,0,0,0,0,0,0.0,0,1,6.0,666.6666666666666,1050.0,2.0,0,8.294299608857235,15.250595321348806
4200000,2325,3,1.0,2.0,0,0,0,0,0,0.0,0,1,4.0,581.25,1806.4516129032259,3.0,0,7.75190533307861,15.250595321348806
4200000,4600,3,2.0,2.0,1,0,0,0,1,1.0,0,1,5.0,920.0,913.0434782608696,1.5,2,8.434028950155469,15.250595321348806
4200000,3640,3,2.0,2.0,1,0,1,0,0,0.0,0,2,5.0,728.0,1153.8461538461538,1.5,2,8.200013648175434,15.250595321348806
4200000,5800,3,1.0,1.0,1,0,0,1,0,2.0,0,1,4.0,1450.0,724.1379310344828,3.0,2,8.665785595466064,15.250595321348806
4200000,7000,3,1.0,1.0,1,0,0,0,0,3.0,0,0,4.0,1750.0,600.0,3.0,1,8.853808274977197,15.250595321348806
4200000,4079,3,1.0,3.0,1,0,0,0,0,0.0,0,1,4.0,1019.75,1029.6641333660211,3.0,1,8.313852267398207,15.250595321348806
4200000,3520,3,1.0,2.0,1,0,0,0,0,0.0,1,1,4.0,880.0,1193.1818181818182,3.0,2,8.166500319155052,15.250595321348806
4200000,2145,3,1.0,3.0,1,0,0,0,0,1.0,1,2,4.0,536.25,1958.041958041958,3.0,2,7.671360923190644,15.250595321348806
4200000,4500,3,1.0,1.0,1,0,1,0,0,0.0,0,0,4.0,1125.0,933.3333333333334,3.0,2,8.412054873292933,15.250595321348806
4193000,8250,3,1.0,1.0,1,0,1,0,0,3.0,0,1,4.0,2062.5,508.24242424242425,3.0,2,9.018089684104343,15.248927264645598
4193000,3450,3,1.0,2.0,1,0,0,0,0,1.0,0,1,4.0,862.5,1215.3623188405797,3.0,1,8.146419323098003,15.248927264645598
4165000,4840,3,1.0,2.0,1,0,0,0,0,1.0,0,1,4.0,1210.0,860.5371900826447,3.0,1,8.484876589939695,15.24222707367909
4165000,4080,3,1.0,2.0,1,0,0,0,0,2.0,0,1,4.0,1020.0,1020.8333333333334,3.0,1,8.314097335405807,15.24222707367909
4165000,4046,3,1.0,2.0,1,0,1,0,0,1.0,0,1,4.0,1011.5,1029.4117647058824,3.0,2,8.305731144875866,15.24222707367909
4130000,4632,4,1.0,2.0,1,0,0,0,1,0.0,0,1,5.0,926.4,891.6234887737478,4.0,2,8.440959885416648,15.233788207067937
4130000,5985,3,1.0,1.0,1,0,1,0,0,0.0,0,1,4.0,1496.25,690.0584795321637,3.0,2,8.697178688412643,15.233788207067937
4123000,6060,2,1.0,1.0,1,0,1,0,0,1.0,0,1,3.0,2020.0,680.3630363036303,2.0,2,8.709630081951286,15.232091854230847
4098500,3600,3,1.0,1.0,1,0,1,0,1,0.0,1,0,4.0,900.0,1138.4722222222222,3.0,4,8.188966863648876,15.226131855066896
4095000,3680,3,2.0,2.0,1,0,0,0,0,0.0,0,1,5.0,736.0,1112.7717391304348,1.5,1,8.210939733379021,15.225277519469522
4095000,4040,2,1.0,2.0,1,0,0,0,0,1.0,0,1,3.0,1346.6666666666667,1013.6138613861386,2.0,1,8.304247465078474,15.225277519469522
4095000,5600,2,1.0,1.0,1,0,0,0,1,0.0,0,1,3.0,1866.6666666666667,731.25,2.0,2,8.630700432209832,15.225277519469522
4060000,5900,4,2.0,2.0,0,0,1,0,0,1.0,0,2,6.0,983.3333333333334,688.1355932203389,2.0,1,8.682877107057168,15.216693777883304
4060000,4992,3,2.0,2.0,1,0,0,0,0,2.0,0,2,5.0,998.4,813.3012820512821,1.5,1,8.51579221050061,15.216693777883304
4060000,4340,3,1.0,1.0,1,0,0,0,0,0.0,0,1,4.0,1085.0,935.483870967742,3.0,1,8.375860015299594,15.216693777883304
4060000,3000,4,1.0,3.0,1,0,1,0,1,2.0,0,1,5.0,600.0,1353.3333333333333,4.0,3,8.006700845440367,15.216693777883304
4060000,4320,3,1.0,2.0,1,0,0,0,0,2.0,1,0,4.0,1080.0,939.8148148148148,3.0,2,8.371242135931933,15.216693777883304
4025000,3630,3,2.0,2.0,1,0,0,1,0,2.0,0,1,5.0,726.0,1108.8154269972451,1.5,2,8.197263371414335,15.208035717281975
4025000,3460,3,2.0,1.0,1,0,1,0,1,1.0,0,0,5.0,692.0,1163.2947976878613,1.5,3,8.149312843635345,15.208035717281975
4025000,5400,3,1.0,1.0,1,0,0,0,0,3.0,0,1,4.0,1350.0,745.3703703703703,3.0,1,8.594339400592892,15.208035717281975
4007500,4500,3,1.0,2.0,0,0,1,0,1,0.0,0,1,4.0,1125.0,890.5555555555555,3.0,2,8.412054873292933,15.203678412997942
4007500,3460,4,1.0,2.0,1,0,0,0,1,0.0,0,1,5.0,692.0,1158.236994219653,4.0,2,8.149312843635345,15.203678412997942
3990000,4100,4,1.0,1.0,0,0,1,0,0,0.0,0,2,5.0,820.0,973.170731707317,4.0,1,8.31898612539206,15.199302039492581
3990000,6480,3,1.0,2.0,0,0,0,0,1,1.0,0,1,4.0,1620.0,615.7407407407408,3.0,1,8.776630098427717,15.199302039492581
3990000,4500,3,2.0,2.0,0,0,1,0,1,0.0,0,1,5.0,900.0,886.6666666666666,1.5,2,8.412054873292933,15.199302039492581
3990000,3960,3,1.0,2.0,1,0,0,0,0,0.0,0,0,4.0,990.0,1007.5757575757576,3.0,1,8.284251797621916,15.199302039492581
3990000,4050,2,1.0,2.0,1,1,1,0,0,0.0,1,2,3.0,1350.0,985.1851851851852,2.0,4,8.30671904320269,15.199302039492581
3920000,7260,3,2.0,1.0,1,1,1,0,0,3.0,0,0,5.0,1452.0,539.9449035812672,1.5,3,8.890272839380247,15.181602466868654
3920000,5500,4,1.0,2.0,1,1,1,0,0,0.0,0,1,5.0,1100.0,712.7272727272727,4.0,3,8.612685172875459,15.181602466868654
3920000,3000,3,1.0,2.0,1,0,0,0,0,0.0,0,1,4.0,750.0,1306.6666666666667,3.0,1,8.006700845440367,15.181602466868654
3920000,3290,2,1.0,1.0,1,0,0,1,0,1.0,0,0,3.0,1096.6666666666667,1191.4893617021276,2.0,2,8.098946748943339,15.181602466868654
3920000,3816,2,1.0,1.0,1,0,1,0,1,2.0,0,0,3.0,1272.0,1027.2536687631027,2.0,3,8.247220052745229,15.181602466868654
3920000,8080,3,1.0,1.0,1,0,0,0,1,2.0,0,1,4.0,2020.0,485.1485148514852,3.0,2,8.997270906233448,15.181602466868654
3920000,2145,4,2.0,1.0,1,0,1,0,0,0.0,1,2,6.0,357.5,1827.5058275058275,2.0,3,7.671360923190644,15.181602466868654
3885000,3780,2,1.0,2.0,1,1,1,0,0,0.0,0,1,3.0,1260.0,1027.7777777777778,2.0,3,8.237743803890933,15.172633799184108
3885000,3180,4,2.0,2.0,1,0,0,0,0,0.0,0,0,6.0,530.0,1221.698113207547,2.0,1,8.064950891749143,15.172633799184108
3850000,5300,5,2.0,2.0,1,0,0,0,0,0.0,0,1,7.0,757.1428571428571,726.4150943396227,2.5,1,8.575650760987806,15.163583966004193
3850000,3180,2,2.0,1.0,1,0,1,0,0,2.0,0,1,4.0,795.0,1210.691823899371,1.0,2,8.064950891749143,15.163583966004193
3850000,7152,3,1.0,2.0,1,0,0,0,1,0.0,0,0,4.0,1788.0,538.3109619686801,3.0,2,8.875287128108384,15.163583966004193
3850000,4080,2,1.0,1.0,1,0,0,0,0,0.0,0,1,3.0,1360.0,943.6274509803922,2.0,1,8.314097335405807,15.163583966004193
3850000,3850,2,1.0,1.0,1,0,0,0,0,0.0,0,1,3.0,1283.3333333333333,1000.0,2.0,1,8.25608813381491,15.163583966004193
3850000,2015,3,1.0,2.0,1,0,1,0,0,0.0,1,1,4.0,503.75,1910.6699751861042,3.0,3,7.60887062919126,15.163583966004193
3850000,2176,2,1.0,2.0,1,1,0,0,0,0.0,1,1,3.0,725.3333333333334,1769.3014705882354,2.0,3,7.685703061234547,15.163583966004193
3836000,3350,3,1.0,2.0,1,0,0,0,0,0.0,0,2,4.0,837.5,1145.0746268656717,3.0,1,8.11701408773731,15.15994097567365
3815000,3150,2,2.0,1.0,0,0,1,0,0,0.0,0,1,4.0,787.5,1211.111111111111,1.0,1,8.055475141757274,15.154451484823857
3780000,4820,3,1.0,2.0,1,0,0,0,0,0.0,0,1,4.0,1205.0,784.2323651452282,3.0,1,8.480736654405622,15.145234832146
3780000,3420,2,1.0,2.0,1,0,0,1,0,1.0,0,1,3.0,1140.0,1105.2631578947369,2.0,2,8.137688184977605,15.145234832146
3780000,3600,2,1.0,1.0,1,0,0,0,0,0.0,0,1,3.0,1200.0,1050.0,2.0,1,8.188966863648876,15.145234832146
3780000,5830,2,1.0,1.0,1,0,0,0,0,2.0,0,2,3.0,1943.3333333333333,648.3704974271012,2.0,1,8.670943791222156,15.145234832146
3780000,2856,3,1.0,3.0,1,0,0,0,0,0.0,1,0,4.0,714.0,1323.5294117647059,3.0,2,7.957527402230773,15.145234832146
3780000,8400,2,1.0,1.0,1,0,0,0,0,1.0,0,0,3.0,2800.0,450.0,2.0,1,9.036106025364846,15.145234832146
3773000,8250,3,1.0,1.0,1,0,0,0,0,2.0,0,0,4.0,2062.5,457.3333333333333,3.0,1,9.018089684104343,15.143381263987493
3773000,2520,5,2.0,1.0,0,0,1,0,1,1.0,0,0,7.0,360.0,1497.2222222222222,2.5,2,7.83241092718792,15.143381263987493
3773000,6930,4,1.0,2.0,0,0,0,0,0,1.0,0,0,5.0,1386.0,544.4444444444445,4.0,0,8.843759381917984,15.143381263987493
3745000,3480,2,1.0,1.0,1,0,0,0,0,0.0,1,1,3.0,1160.0,1076.1494252873563,2.0,2,8.15507488781144,15.135932441956118
3710000,3600,3,1.0,1.0,1,0,0,0,0,1.0,0,2,4.0,900.0,1030.5555555555557,3.0,1,8.188966863648876,15.126542704125361
3710000,4040,2,1.0,1.0,1,0,0,0,0,0.0,0,1,3.0,1346.6666666666667,918.3168316831683,2.0,1,8.304247465078474,15.126542704125361
3710000,6020,3,1.0,1.0,1,0,0,0,0,0.0,0,1,4.0,1505.0,616.2790697674419,3.0,1,8.703008637464448,15.126542704125361
3710000,4050,2,1.0,1.0,1,0,0,0,0,0.0,0,0,3.0,1350.0,916.0493827160494,2.0,1,8.30671904320269,15.126542704125361
3710000,3584,2,1.0,1.0,1,0,0,1,0,0.0,0,1,3.0,1194.6666666666667,1035.15625,2.0,2,8.184513753033722,15.126542704125361
3703000,3120,3,1.0,2.0,0,0,1,1,0,0.0,0,1,4.0,780.0,1186.8589743589744,3.0,2,8.045908742270779,15.124654129947023
3703000,5450,2,1.0,1.0,1,0,0,0,0,0.0,0,0,3.0,1816.6666666666667,679.4495412844037,2.0,1,8.603554357064281,15.124654129947023
3675000,3630,2,1.0,1.0,1,0,1,0,0,0.0,0,0,3.0,1210.0,1012.396694214876,2.0,2,8.197263371414335,15.11706396273788
3675000,3630,2,1.0,1.0,1,0,0,0,1,0.0,0,2,3.0,1210.0,1012.396694214876,2.0,2,8.197263371414335,15.11706396273788
3675000,5640,2,1.0,1.0,0,0,0,0,0,0.0,0,1,3.0,1880.0,651.5957446808511,2.0,0,8.637816633739977,15.11706396273788
3675000,3600,2,1.0,1.0,1,0,0,0,0,0.0,0,0,3.0,1200.0,1020.8333333333334,2.0,1,8.188966863648876,15.11706396273788
3640000,4280,2,1.0,1.0,1,0,0,0,1,2.0,0,1,3.0,1426.6666666666667,850.4672897196261,2.0,2,8.361941906144946,15.10749451433816
3640000,3570,3,1.0,2.0,1,0,1,0,0,0.0,0,1,4.0,892.5,1019.6078431372549,3.0,2,8.18060094759445,15.10749451433816
3640000,3180,3,1.0,2.0,0,0,1,0,0,0.0,0,1,4.0,795.0,1144.6540880503144,3.0,1,8.064950891749143,15.10749451433816
3640000,3000,2,1.0,2.0,1,0,0,0,1,0.0,0,0,3.0,1000.0,1213.3333333333333,2.0,2,8.006700845440367,15.10749451433816
3640000,3520,2,2.0,1.0,1,0,1,0,0,0.0,0,1,4.0,880.0,1034.090909090909,1.0,2,8.166500319155052,15.10749451433816
3640000,5960,3,1.0,2.0,1,1,1,0,0,0.0,0,2,4.0,1490.0,610.738255033557,3.0,3,8.692993531219926,15.10749451433816
3640000,4130,3,2.0,2.0,1,0,0,0,0,2.0,0,1,5.0,826.0,881.3559322033898,1.5,1,8.326274787396764,15.10749451433816
3640000,2850,3,2.0,2.0,0,0,1,0,0,0.0,1,2,5.0,570.0,1277.1929824561403,1.5,2,7.955425088912672,15.10749451433816
3640000,2275,3,1.0,3.0,1,0,0,1,1,0.0,1,1,4.0,568.75,1600.0,3.0,4,7.730174795246222,15.10749451433816
3633000,3520,3,1.0,1.0,1,0,0,0,0,2.0,1,2,4.0,880.0,1032.1022727272727,3.0,2,8.166500319155052,15.105569586457912
3605000,4500,2,1.0,1.0,1,0,0,0,0,0.0,0,1,3.0,1500.0,801.1111111111111,2.0,1,8.412054873292933,15.09783260609366
3605000,4000,2,1.0,1.0,1,0,0,0,0,0.0,1,1,3.0,1333.3333333333333,901.25,2.0,2,8.294299608857235,15.09783260609366
3570000,3150,3,1.0,2.0,1,0,1,0,0,0.0,0,0,4.0,787.5,1133.3333333333333,3.0,2,8.055475141757274,15.088076433867828
3570000,4500,4,2.0,2.0,1,0,1,0,0,2.0,0,0,6.0,750.0,793.3333333333334,2.0,2,8.412054873292933,15.088076433867828
3570000,4500,2,1.0,1.0,0,0,0,0,0,0.0,0,0,3.0,1500.0,793.3333333333334,2.0,0,8.412054873292933,15.088076433867828
3570000,3640,2,1.0,1.0,1,0,0,0,0,0.0,0,2,3.0,1213.3333333333333,980.7692307692307,2.0,1,8.200013648175434,15.088076433867828
3535000,3850,3,1.0,1.0,1,0,0,0,0,2.0,0,2,4.0,962.5,918.1818181818181,3.0,1,8.25608813381491,15.078224140198202
3500000,4240,3,1.0,2.0,1,0,0,0,1,0.0,0,1,4.0,1060.0,825.4716981132076,3.0,2,8.352554369474591,15.068273812173887
3500000,3650,3,1.0,2.0,1,0,0,0,0,0.0,0,2,4.0,912.5,958.9041095890411,3.0,1,8.202756381655638,15.068273812173887
3500000,4600,4,1.0,2.0,1,0,0,0,0,0.0,0,1,5.0,920.0,760.8695652173913,4.0,1,8.434028950155469,15.068273812173887
3500000,2135,3,2.0,2.0,0,0,0,0,0,0.0,0,2,5.0,427.0,1639.344262295082,1.5,0,7.666690200080086,15.068273812173887
3500000,3036,3,1.0,2.0,1,0,1,0,0,0.0,0,1,4.0,759.0,1152.832674571805,3.0,2,8.01862546504575,15.068273812173887
3500000,3990,3,1.0,2.0,1,0,0,0,0,0.0,0,1,4.0,997.5,877.1929824561404,3.0,1,8.291797105048733,15.068273812173887
3500000,7424,3,1.0,1.0,0,0,0,0,0,0.0,0,2,4.0,1856.0,471.4439655172414,3.0,0,8.9126079636709,15.068273812173887
3500000,3480,3,1.0,1.0,0,0,0,0,1,0.0,0,2,4.0,870.0,1005.7471264367816,3.0,1,8.15507488781144,15.068273812173887
3500000,3600,6,1.0,2.0,1,0,0,0,0,1.0,0,2,7.0,514.2857142857143,972.2222222222222,6.0,1,8.188966863648876,15.068273812173887
3500000,3640,2,1.0,1.0,1,0,0,0,0,1.0,0,1,3.0,1213.3333333333333,961.5384615384615,2.0,1,8.200013648175434,15.068273812173887
3500000,5900,2,1.0,1.0,1,0,0,0,0,1.0,0,0,3.0,1966.6666666666667,593.2203389830509,2.0,1,8.682877107057168,15.068273812173887
3500000,3120,3,1.0,2.0,1,0,0,0,0,1.0,0,2,4.0,780.0,1121.7948717948718,3.0,1,8.045908742270779,15.068273812173887
3500000,7350,2,1.0,1.0,1,0,0,0,0,1.0,0,1,3.0,2450.0,476.1904761904762,2.0,1,8.902591637374087,15.068273812173887
3500000,3512,2,1.0,1.0,1,0,0,0,0,1.0,1,2,3.0,1170.6666666666667,996.5831435079726,2.0,2,8.164225652265827,15.068273812173887
3500000,9500,3,1.0,2.0,1,0,0,0,0,3.0,1,2,4.0,2375.0,368.42105263157896,3.0,2,9.15915233520675,15.068273812173887
3500000,5880,2,1.0,1.0,1,0,0,0,0,0.0,0,2,3.0,1960.0,595.2380952380952,2.0,1,8.679482094459956,15.068273812173887
3500000,12944,3,1.0,1.0,1,0,0,0,0,0.0,0,2,4.0,3236.0,270.39555006180467,3.0,1,9.468464892185638,15.068273812173887
3493000,4900,3,1.0,2.0,0,0,0,0,0,0.0,0,2,4.0,1225.0,712.8571428571429,3.0,0,8.497194544909547,15.066271810075788
3465000,3060,3,1.0,1.0,1,0,0,0,0,0.0,0,2,4.0,765.0,1132.3529411764705,3.0,1,8.026496938945412,15.058223479206388
3465000,5320,2,1.0,1.0,1,0,0,0,0,1.0,1,2,3.0,1773.3333333333333,651.3157894736842,2.0,2,8.579416534596369,15.058223479206388
3465000,2145,3,1.0,3.0,1,0,0,0,0,0.0,1,0,4.0,536.25,1615.3846153846155,3.0,2,7.671360923190644,15.058223479206388
3430000,4000,2,1.0,1.0,1,0,0,0,0,0.0,0,2,3.0,1333.3333333333333,857.5,2.0,1,8.294299608857235,15.04807111068727
3430000,3185,2,1.0,1.0,1,0,0,0,0,2.0,0,2,3.0,1061.6666666666667,1076.923076923077,2.0,1,8.066521490469993,15.04807111068727
3430000,3850,3,1.0,1.0,1,0,0,0,0,0.0,0,2,4.0,962.5,890.9090909090909,3.0,1,8.25608813381491,15.04807111068727
3430000,2145,3,1.0,3.0,1,0,0,0,0,0.0,1,0,4.0,536.25,1599.067599067599,3.0,2,7.671360923190644,15.04807111068727
3430000,2610,3,1.0,2.0,1,0,1,0,0,0.0,1,2,4.0,652.5,1314.176245210728,3.0,3,7.8674885686991285,15.04807111068727
3430000,1950,3,2.0,2.0,1,0,1,0,0,0.0,1,2,5.0,390.0,1758.974358974359,1.5,3,7.576097340623111,15.04807111068727
3423000,4040,2,1.0,1.0,1,0,0,0,0,0.0,0,2,3.0,1346.6666666666667,847.2772277227723,2.0,1,8.304247465078474,15.046028209653675
3395000,4785,3,1.0,2.0,1,1,1,0,1,1.0,0,0,4.0,1196.25,709.5088819226751,3.0,4,8.47345026846832,15.0378146135257
3395000,3450,3,1.0,1.0,1,0,1,0,0,2.0,0,2,4.0,862.5,984.0579710144928,3.0,2,8.146419323098003,15.0378146135257
3395000,3640,2,1.0,1.0,1,0,0,0,0,0.0,0,0,3.0,1213.3333333333333,932.6923076923077,2.0,1,8.200013648175434,15.0378146135257
3360000,3500,4,1.0,2.0,1,0,0,0,1,2.0,0,2,5.0,700.0,960.0,4.0,2,8.160803920954665,15.027451829558391
3360000,4960,4,1.0,3.0,0,0,0,0,0,0.0,0,1,5.0,992.0,677.4193548387096,4.0,0,8.509362612301048,15.027451829558391
3360000,4120,2,1.0,2.0,1,0,0,0,0,0.0,0,2,3.0,1373.3333333333333,815.5339805825242,2.0,1,8.323851131338817,15.027451829558391
3360000,4750,2,1.0,1.0,1,0,0,0,0,0.0,0,2,3.0,1583.3333333333333,707.3684210526316,2.0,1,8.46611040118692,15.027451829558391
3360000,3720,2,1.0,1.0,0,0,0,0,1,0.0,0,2,3.0,1240.0,903.2258064516129,2.0,1,8.221747728346623,15.027451829558391
3360000,3750,3,1.0,1.0,1,0,0,0,0,0.0,0,2,4.0,937.5,896.0,3.0,1,8.229777750081887,15.027451829558391
3360000,3100,3,1.0,2.0,0,0,1,0,0,0.0,0,1,4.0,775.0,1083.8709677419354,3.0,1,8.03947991910045,15.027451829558391
3360000,3185,2,1.0,1.0,1,0,1,0,0,2.0,0,0,3.0,1061.6666666666667,1054.9450549450548,2.0,2,8.066521490469993,15.027451829558391
3353000,2700,3,1.0,1.0,0,0,0,0,0,0.0,0,0,4.0,675.0,1241.851851851852,3.0,0,7.901377353792616,15.025366323688703
3332000,2145,3,1.0,2.0,1,0,1,0,0,0.0,1,0,4.0,536.25,1553.3799533799533,3.0,3,7.671360923190644,15.019083582388873
3325000,4040,2,1.0,1.0,1,0,0,0,0,1.0,0,2,3.0,1346.6666666666667,823.019801980198,2.0,1,8.304247465078474,15.016980532823926
3325000,4775,4,1.0,2.0,1,0,0,0,0,0.0,0,2,5.0,955.0,696.3350785340314,4.0,1,8.471358655072438,15.016980532823926
3290000,2500,2,1.0,1.0,0,0,0,0,1,0.0,0,2,3.0,833.3333333333334,1316.0,2.0,1,7.824445930877619,15.006398426692876
3290000,3180,4,1.0,2.0,1,0,1,0,1,0.0,0,2,5.0,636.0,1034.5911949685535,4.0,3,8.064950891749143,15.006398426692876
3290000,6060,3,1.0,1.0,1,1,1,0,0,0.0,0,0,4.0,1515.0,542.9042904290429,3.0,3,8.709630081951286,15.006398426692876
3290000,3480,4,1.0,2.0,0,0,0,0,0,1.0,0,1,5.0,696.0,945.4022988505748,4.0,0,8.15507488781144,15.006398426692876
3290000,3792,4,1.0,2.0,1,0,0,0,0,0.0,0,1,5.0,758.4,867.6160337552743,4.0,1,8.2409125416889,15.006398426692876
3290000,4040,2,1.0,1.0,1,0,0,0,0,0.0,0,2,3.0,1346.6666666666667,814.3564356435644,2.0,1,8.304247465078474,15.006398426692876
3290000,2145,3,1.0,2.0,1,0,1,0,0,0.0,1,0,4.0,536.25,1533.7995337995337,3.0,3,7.671360923190644,15.006398426692876
3290000,5880,3,1.0,1.0,1,0,0,0,0,1.0,0,2,4.0,1470.0,559.5238095238095,3.0,1,8.679482094459956,15.006398426692876
3255000,4500,2,1.0,1.0,0,0,0,0,0,0.0,0,1,3.0,1500.0,723.3333333333334,2.0,0,8.412054873292933,14.995703140844421
3255000,3930,2,1.0,1.0,0,0,0,0,0,0.0,0,2,3.0,1310.0,828.2442748091603,2.0,0,8.27664912542186,14.995703140844421
3234000,3640,4,1.0,2.0,1,0,1,0,0,0.0,0,2,5.0,728.0,888.4615384615385,4.0,2,8.200013648175434,14.989230628333736
3220000,4370,3,1.0,2.0,1,0,0,0,0,0.0,0,2,4.0,1092.5,736.8421052631579,3.0,1,8.382747094863314,14.984892228079548
3220000,2684,2,1.0,1.0,1,0,0,0,1,1.0,0,2,3.0,894.6666666666666,1199.7019374068554,2.0,2,7.895436006942965,14.984892228079548
3220000,4320,3,1.0,1.0,0,0,0,0,0,1.0,0,2,4.0,1080.0,745.3703703703703,3.0,0,8.371242135931933,14.984892228079548
3220000,3120,3,1.0,2.0,0,0,0,0,0,0.0,0,0,4.0,780.0,1032.051282051282,3.0,0,8.045908742270779,14.984892228079548
3150000,3450,1,1.0,1.0,1,0,0,0,0,0.0,0,0,2.0,1725.0,913.0434782608696,1.0,1,8.146419323098003,14.962913328262083
3150000,3986,2,2.0,1.0,0,1,1,0,0,1.0,0,2,4.0,996.5,790.2659307576517,1.0,2,8.290794347381356,14.962913328262083
3150000,3500,2,1.0,1.0,0,0,1,0,0,0.0,0,1,3.0,1166.6666666666667,900.0,2.0,1,8.160803920954665,14.962913328262083
3150000,4095,2,1.0,1.0,1,0,0,0,0,2.0,0,1,3.0,1365.0,769.2307692307693,2.0,1,8.317766166719343,14.962913328262083
3150000,1650,3,1.0,2.0,0,0,1,0,0,0.0,0,2,4.0,412.5,1909.090909090909,3.0,1,7.409136443920128,14.962913328262083
3150000,3450,3,1.0,2.0,1,0,1,0,0,0.0,0,1,4.0,862.5,913.0434782608696,3.0,2,8.146419323098003,14.962913328262083
3150000,6750,2,1.0,1.0,1,0,0,0,0,0.0,0,1,3.0,2250.0,466.6666666666667,2.0,1,8.81744592104187,14.962913328262083
3150000,9000,3,1.0,2.0,1,0,0,0,0,2.0,0,1,4.0,2250.0,350.0,3.0,1,9.105090961257085,14.962913328262083
3150000,3069,2,1.0,1.0,1,0,0,0,0,1.0,0,2,3.0,1023.0,1026.392961876833,2.0,1,8.029432840581244,14.962913328262083
3143000,4500,3,1.0,2.0,1,0,0,0,1,0.0,0,2,4.0,1125.0,698.4444444444445,3.0,2,8.412054873292933,14.96068863394701
3129000,5495,3,1.0,1.0,1,0,1,0,0,0.0,0,2,4.0,1373.75,569.4267515923567,3.0,2,8.611775833902186,14.956224342241892
3118850,2398,3,1.0,1.0,1,0,0,0,0,0.0,1,1,4.0,599.5,1300.604670558799,3.0,2,7.782807262839695,14.95297522272713
3115000,3000,3,1.0,1.0,0,0,0,0,1,0.0,0,2,4.0,750.0,1038.3333333333333,3.0,1,8.006700845440367,14.951740031230926
3115000,3850,3,1.0,2.0,1,0,0,0,0,0.0,0,2,4.0,962.5,809.0909090909091,3.0,1,8.25608813381491,14.951740031230926
3115000,3500,2,1.0,1.0,1,0,0,0,0,0.0,0,2,3.0,1166.6666666666667,890.0,2.0,1,8.160803920954665,14.951740031230926
3087000,8100,2,1.0,1.0,1,0,0,0,0,1.0,0,2,3.0,2700.0,381.1111111111111,2.0,1,8.999742789830492,14.942710627423343
3080000,4960,2,1.0,1.0,1,0,1,0,1,0.0,0,2,3.0,1653.3333333333333,620.9677419354839,2.0,3,8.509362612301048,14.940440479625028
3080000,2160,3,1.0,2.0,0,0,1,0,0,0.0,0,1,4.0,540.0,1425.9259259259259,3.0,1,7.6783263565068856,14.940440479625028
3080000,3090,2,1.0,1.0,1,1,1,0,0,0.0,0,2,3.0,1030.0,996.7637540453075,2.0,3,8.036249942132116,14.940440479625028
3080000,4500,2,1.0,2.0,1,0,0,1,0,1.0,0,1,3.0,1500.0,684.4444444444445,2.0,2,8.412054873292933,14.940440479625028
3045000,3800,2,1.0,1.0,1,0,0,0,0,0.0,0,2,3.0,1266.6666666666667,801.3157894736842,2.0,1,8.24301946898925,14.929011787533305
3010000,3090,3,1.0,2.0,0,0,0,0,0,0.0,0,1,4.0,772.5,974.1100323624595,3.0,0,8.036249942132116,14.917450968950916
3010000,3240,3,1.0,2.0,1,0,0,0,0,2.0,0,1,4.0,810.0,929.0123456790124,3.0,1,8.083637203141548,14.917450968950916
3010000,2835,2,1.0,1.0,1,0,0,0,0,0.0,0,1,3.0,945.0,1061.7283950617284,2.0,1,7.950149887652018,14.917450968950916
3010000,4600,2,1.0,1.0,1,0,0,0,0,0.0,0,0,3.0,1533.3333333333333,654.3478260869565,2.0,1,8.434028950155469,14.917450968950916
3010000,5076,3,1.0,1.0,0,0,0,0,0,0.0,0,2,4.0,1269.0,592.9866036249015,3.0,0,8.532475814947395,14.917450968950916
3010000,3750,3,1.0,2.0,1,0,0,0,0,0.0,0,2,4.0,937.5,802.6666666666666,3.0,1,8.229777750081887,14.917450968950916
3010000,3630,4,1.0,2.0,1,0,0,0,0,3.0,0,1,5.0,726.0,829.2011019283747,4.0,1,8.197263371414335,14.917450968950916
3003000,8050,2,1.0,1.0,1,0,0,0,0,0.0,0,2,3.0,2683.3333333333335,373.04347826086956,2.0,1,8.993551586299981,14.915122679965744
2975000,4352,4,1.0,2.0,0,0,0,0,0,1.0,0,2,5.0,870.4,683.59375,4.0,0,8.378620541552298,14.905754933096265
2961000,3000,2,1.0,2.0,1,0,0,0,0,0.0,0,1,3.0,1000.0,987.0,2.0,1,8.006700845440367,14.901037944807413
2940000,5850,3,1.0,2.0,1,0,1,0,0,1.0,0,2,4.0,1462.5,502.56410256410254,3.0,2,8.674367865788236,14.89392047945086
2940000,4960,2,1.0,1.0,1,0,0,0,0,0.0,0,2,3.0,1653.3333333333333,592.741935483871,2.0,1,8.509362612301048,14.89392047945086
2940000,3600,3,1.0,2.0,0,0,0,0,0,1.0,0,2,4.0,900.0,816.6666666666666,3.0,0,8.188966863648876,14.89392047945086
2940000,3660,4,1.0,2.0,0,0,0,0,0,0.0,0,2,5.0,732.0,803.2786885245902,4.0,0,8.205491613120236,14.89392047945086
2940000,3480,3,1.0,2.0,0,0,0,0,0,1.0,0,1,4.0,870.0,844.8275862068965,3.0,0,8.15507488781144,14.89392047945086
2940000,2700,2,1.0,1.0,0,0,0,0,0,0.0,0,0,3.0,900.0,1088.888888888889,2.0,0,7.901377353792616,14.89392047945086
2940000,3150,3,1.0,2.0,0,0,0,0,0,0.0,0,2,4.0,787.5,933.3333333333334,3.0,0,8.055475141757274,14.89392047945086
2940000,6615,3,1.0,2.0,1,0,0,0,0,0.0,0,1,4.0,1653.75,444.44444444444446,3.0,1,8.797246236703527,14.89392047945086
2870000,3040,2,1.0,1.0,0,0,0,0,0,0.0,0,2,3.0,1013.3333333333334,944.078947368421,2.0,0,8.019941687677365,14.869822936167798
2870000,3630,2,1.0,1.0,1,0,0,0,0,0.0,0,2,3.0,1210.0,790.633608815427,2.0,1,8.197263371414335,14.869822936167798
2870000,6000,2,1.0,1.0,1,0,0,0,0,0.0,0,1,3.0,2000.0,478.3333333333333,2.0,1,8.699681400989514,14.869822936167798
2870000,5400,4,1.0,2.0,1,0,0,0,0,0.0,0,2,5.0,1080.0,531.4814814814815,4.0,1,8.594339400592892,14.869822936167798
2852500,5200,4,1.0,3.0,1,0,0,0,0,0.0,0,2,5.0,1040.0,548.5576923076923,4.0,1,8.556606193773073,14.863706711287982
2835000,3300,3,1.0,2.0,0,0,0,0,0,1.0,0,1,4.0,825.0,859.0909090909091,3.0,0,8.101980731853192,14.857552847877614
2835000,4350,3,1.0,2.0,0,0,0,1,0,1.0,0,2,4.0,1087.5,651.7241379310345,3.0,1,8.37816098272068,14.857552847877614
2835000,2640,2,1.0,1.0,0,0,0,0,0,1.0,0,0,3.0,880.0,1073.8636363636363,2.0,0,7.878912912297133,14.857552847877614
2800000,2650,3,1.0,2.0,1,0,1,0,0,1.0,0,2,4.0,662.5,1056.6037735849056,3.0,2,7.8826922062890254,14.845130332288226
2800000,3960,3,1.0,1.0,1,0,0,0,0,0.0,0,0,4.0,990.0,707.070707070707,3.0,1,8.284251797621916,14.845130332288226
2730000,6800,2,1.0,1.0,1,0,0,0,0,0.0,0,2,3.0,2266.6666666666665,401.47058823529414,2.0,1,8.824824939175638,14.819812533461441
2730000,4000,3,1.0,2.0,1,0,0,0,0,1.0,0,2,4.0,1000.0,682.5,3.0,1,8.294299608857235,14.819812533461441
2695000,4000,2,1.0,1.0,1,0,0,0,0,0.0,0,2,3.0,1333.3333333333333,673.75,2.0,1,8.294299608857235,14.80690913338268
2660000,3934,2,1.0,1.0,1,0,0,0,0,0.0,0,2,3.0,1311.3333333333333,676.1565836298932,2.0,1,8.277666160851503,14.793837056697662
2660000,2000,2,1.0,2.0,1,0,0,0,0,0.0,0,1,3.0,666.6666666666666,1330.0,2.0,1,7.601402334583733,14.793837056697662
2660000,3630,3,3.0,2.0,0,1,0,0,0,0.0,0,2,6.0,605.0,732.7823691460055,1.0,1,8.197263371414335,14.793837056697662
2660000,2800,3,1.0,1.0,1,0,0,0,0,0.0,0,2,4.0,700.0,950.0,3.0,1,7.937731775260109,14.793837056697662
2660000,2430,3,1.0,1.0,0,0,0,0,0,0.0,0,2,4.0,607.5,1094.6502057613168,3.0,0,7.796057974316123,14.793837056697662
2660000,3480,2,1.0,1.0,1,0,0,0,0,1.0,0,1,3.0,1160.0,764.3678160919541,2.0,1,8.15507488781144,14.793837056697662
2660000,4000,3,1.0,1.0,1,0,0,0,0,0.0,0,1,4.0,1000.0,665.0,3.0,1,8.294299608857235,14.793837056697662
2653000,3185,2,1.0,1.0,1,0,0,0,1,0.0,0,2,3.0,1061.6666666666667,832.967032967033,2.0,2,8.066521490469993,14.791202010051581
2653000,4000,3,1.0,2.0,1,0,0,0,1,0.0,0,2,4.0,1000.0,663.25,3.0,2,8.294299608857235,14.791202010051581
2604000,2910,2,1.0,1.0,0,0,0,0,0,0.0,0,2,3.0,970.0,894.8453608247422,2.0,0,7.976251943745623,14.7725596663351
2590000,3600,2,1.0,1.0,1,0,0,0,0,0.0,0,2,3.0,1200.0,719.4444444444445,2.0,1,8.188966863648876,14.767168819776032
2590000,4400,2,1.0,1.0,1,0,0,0,0,0.0,0,2,3.0,1466.6666666666667,588.6363636363636,2.0,1,8.38958706681109,14.767168819776032
2590000,3600,2,2.0,2.0,1,0,1,0,0,1.0,0,0,4.0,900.0,719.4444444444445,1.0,2,8.188966863648876,14.767168819776032
2520000,2880,3,1.0,1.0,0,0,0,0,0,0.0,0,2,4.0,720.0,875.0,3.0,0,7.9658927350845286,14.739769856312924
2520000,3180,3,1.0,1.0,0,0,0,0,0,0.0,0,2,4.0,795.0,792.4528301886793,3.0,0,8.064950891749143,14.739769856312924
2520000,3000,2,1.0,2.0,1,0,0,0,0,0.0,0,0,3.0,1000.0,840.0,2.0,1,8.006700845440367,14.739769856312924
2485000,4400,3,1.0,2.0,1,0,0,0,0,0.0,0,2,4.0,1100.0,564.7727272727273,3.0,1,8.38958706681109,14.725783619927272
2485000,3000,3,1.0,2.0,0,0,0,0,0,0.0,0,1,4.0,750.0,828.3333333333334,3.0,0,8.006700845440367,14.725783619927272
2450000,3210,3,1.0,2.0,1,0,1,0,0,0.0,0,2,4.0,802.5,763.2398753894081,3.0,2,8.074337694089515,14.711598990684092
2450000,3240,2,1.0,1.0,0,1,0,0,0,1.0,0,2,3.0,1080.0,756.1728395061729,2.0,1,8.083637203141548,14.711598990684092
2450000,3000,2,1.0,1.0,1,0,0,0,0,1.0,0,2,3.0,1000.0,816.6666666666666,2.0,1,8.006700845440367,14.711598990684092
2450000,3500,2,1.0,1.0,1,1,0,0,0,0.0,0,2,3.0,1166.6666666666667,700.0,2.0,2,8.160803920954665,14.711598990684092
2450000,4840,2,1.0,2.0,1,0,0,0,0,0.0,0,2,3.0,1613.3333333333333,506.198347107438,2.0,1,8.484876589939695,14.711598990684092
2450000,7700,2,1.0,1.0,1,0,0,0,0,0.0,0,2,3.0,2566.6666666666665,318.1818181818182,2.0,1,8.94910546953925,14.711598990684092
2408000,3635,2,1.0,1.0,0,0,0,0,0,0.0,0,2,3.0,1211.6666666666667,662.4484181568088,2.0,0,8.19863945529737,14.694307500693155
2380000,2475,3,1.0,2.0,1,0,0,0,0,0.0,0,0,4.0,618.75,961.6161616161617,3.0,1,7.814399633804487,14.682611465815636
2380000,2787,4,2.0,2.0,1,0,0,0,0,0.0,0,0,6.0,464.5,853.9648367420165,2.0,1,7.933079771880415,14.682611465815636
2380000,3264,2,1.0,1.0,1,0,0,0,0,0.0,0,2,3.0,1088.0,729.1666666666666,2.0,1,8.09101504171053,14.682611465815636
2345000,3640,2,1.0,1.0,1,0,0,0,0,0.0,0,2,3.0,1213.3333333333333,644.2307692307693,2.0,1,8.200013648175434,14.667796386301658
2310000,3180,2,1.0,1.0,1,0,0,0,0,0.0,0,2,3.0,1060.0,726.4150943396227,2.0,1,8.064950891749143,14.652758515398315
2275000,1836,2,1.0,1.0,0,0,1,0,0,0.0,0,1,3.0,612.0,1239.1067538126363,2.0,1,7.515889085215125,14.637491049927531
2275000,3970,1,1.0,1.0,0,0,0,0,0,0.0,0,2,2.0,1985.0,573.0478589420655,1.0,0,8.286773231131251,14.637491049927531
2275000,3970,3,1.0,2.0,1,0,1,0,0,0.0,0,2,4.0,992.5,573.0478589420655,3.0,2,8.286773231131251,14.637491049927531
2240000,1950,3,1.0,1.0,0,0,0,1,0,0.0,0,2,4.0,487.5,1148.7179487179487,3.0,1,7.576097340623111,14.621986870259695
2233000,5300,3,1.0,1.0,0,0,0,0,1,0.0,1,2,4.0,1325.0,421.3207547169811,3.0,2,8.575650760987806,14.618856978650228
2135000,3000,2,1.0,1.0,0,0,0,0,0,0.0,0,2,3.0,1000.0,711.6666666666666,2.0,0,8.006700845440367,14.573977673028827
2100000,2400,3,1.0,2.0,1,0,0,0,0,0.0,0,2,4.0,600.0,875.0,3.0,1,7.783640596221253,14.557448378884015
2100000,3000,4,1.0,2.0,1,0,0,0,0,0.0,0,2,5.0,600.0,700.0,4.0,1,8.006700845440367,14.557448378884015
2100000,3360,2,1.0,1.0,1,0,0,0,0,1.0,0,2,3.0,1120.0,625.0,2.0,1,8.119993827725105,14.557448378884015
1960000,3420,5,1.0,2.0,0,0,0,0,0,0.0,0,2,6.0,570.0,573.0994152046784,5.0,0,8.137688184977605,14.488455541410652
1890000,1700,3,1.0,2.0,1,0,0,0,0,0.0,0,2,4.0,425.0,1111.764705882353,3.0,1,7.438971592395862,14.452087916136215
1890000,3649,2,1.0,1.0,1,0,0,0,0,0.0,0,2,3.0,1216.3333333333333,517.9501233214579,2.0,1,8.202482446576537,14.452087916136215
1855000,2990,2,1.0,1.0,0,0,0,0,0,1.0,0,2,3.0,996.6666666666666,620.4013377926422,2.0,0,8.003363058629947,14.433395793107085
1820000,3000,2,1.0,1.0,1,0,1,0,0,2.0,0,2,3.0,1000.0,606.6666666666666,2.0,2,8.006700845440367,14.414347608503377
1767150,2400,3,1.0,1.0,0,0,0,0,0,0.0,0,1,4.0,600.0,736.3125,3.0,0,7.783640596221253,14.384879203225134
1750000,3620,2,1.0,1.0,1,0,0,0,0,0.0,0,2,3.0,1206.6666666666667,483.42541436464086,2.0,1,8.19450550976564,14.375126917328105
1750000,2910,3,1.0,1.0,0,0,0,0,0,0.0,0,0,4.0,727.5,601.3745704467354,3.0,0,7.976251943745623,14.375126917328105
1750000,3850,3,1.0,2.0,1,0,0,0,0,0.0,0,2,4.0,962.5,454.54545454545456,3.0,1,8.25608813381491,14.375126917328105
